ticker,name,status,bars_received,attempts,elapsed_seconds,con_id,local_symbol,primary_exchange,error
AAPL,APPLE INC,OK,2,1,0.918,265598,AAPL,NASDAQ,
NVDA,NVIDIA CORP,OK,2,1,0.78,4815747,NVDA,NASDAQ,
MSFT,MICROSOFT CORP,OK,2,1,0.621,272093,MSFT,NASDAQ,
AMZN,AMAZON.COM INC,OK,2,1,0.592,3691937,AMZN,NASDAQ,
GOOGL,ALPHABET INC CLASS A,OK,2,1,0.59,208813719,GOOGL,NASDAQ,
AVGO,BROADCOM INC,OK,2,1,0.564,313130367,AVGO,NASDAQ,
GOOG,ALPHABET INC CLASS C,OK,2,1,0.582,208813720,GOOG,NASDAQ,
META,META PLATFORMS INC CLASS A,OK,2,1,0.543,107113386,META,NASDAQ,
TSLA,TESLA INC,OK,2,1,0.586,76792991,TSLA,NASDAQ,
MU,MICRON TECHNOLOGY INC,OK,2,1,0.636,9939,MU,NASDAQ,
LLY,ELI LILLY,OK,2,1,0.709,9160,LLY,NYSE,
BRKB,BERKSHIRE HATHAWAY INC CLASS B,ERROR,0,2,51.012,,,,Timeout qualificazione contratto
JPM,JPMORGAN CHASE & CO,OK,2,1,1.437,1520593,JPM,NYSE,
AMD,ADVANCED MICRO DEVICES INC,OK,2,1,1.025,4391,AMD,NASDAQ,
XOM,EXXONMOBIL HOLDINGS CORP,OK,2,1,1.174,895178251,XOM,NYSE,
JNJ,JOHNSON & JOHNSON,OK,2,1,1.186,8719,JNJ,NYSE,
V,VISA INC CLASS A,OK,2,1,1.135,49462172,V,NYSE,
WMT,WALMART INC,OK,2,1,1.392,13824,WMT,NASDAQ,
ABBV,ABBVIE INC,OK,2,1,1.185,118089500,ABBV,NYSE,
CSCO,CISCO SYSTEMS INC,OK,2,1,1.074,268084,CSCO,NASDAQ,
MA,MASTERCARD INC CLASS A,OK,2,1,1.058,38685693,MA,NYSE,
AMAT,APPLIED MATERIAL INC,OK,2,1,1.146,266093,AMAT,NASDAQ,
COST,COSTCO WHOLESALE CORP,OK,2,1,1.262,272997,COST,NASDAQ,
INTC,INTEL CORPORATION,OK,2,1,1.141,270639,INTC,NASDAQ,
BAC,BANK OF AMERICA CORP,OK,2,1,1.356,10098,BAC,NYSE,
CAT,CATERPILLAR INC,OK,2,1,1.219,5437,CAT,NYSE,
LRCX,LAM RESEARCH CORP,OK,2,1,1.15,732440574,LRCX,NASDAQ,
UNH,UNITEDHEALTH GROUP INC,OK,2,1,1.016,13272,UNH,NYSE,
GE,GE AEROSPACE,OK,2,1,1.108,498843743,GE,NYSE,
PG,PROCTER & GAMBLE,OK,2,1,1.102,11054,PG,NYSE,
CVX,CHEVRON CORP,OK,2,1,1.055,5684,CVX,NYSE,
HD,HOME DEPOT INC,OK,2,1,1.335,7930,HD,NYSE,
KO,COCA-COLA,OK,2,1,1.193,8894,KO,NYSE,
MRK,MERCK & CO INC,OK,2,1,1.134,70101545,MRK,NYSE,
GS,GOLDMAN SACHS GROUP INC,OK,2,1,1.118,4627828,GS,NYSE,
PM,PHILIP MORRIS INTERNATIONAL INC,OK,2,1,1.146,49588376,PM,NYSE,
PLTR,PALANTIR TECHNOLOGIES INC CLASS A,OK,2,1,1.101,444857009,PLTR,NASDAQ,
PANW,PALO ALTO NETWORKS INC,OK,2,1,1.262,110619459,PANW,NASDAQ,
NFLX,NETFLIX INC,OK,2,1,1.188,15124833,NFLX,NASDAQ,
GEV,GE VERNOVA INC,OK,2,1,1.021,691984365,GEV,NYSE,
KLAC,KLA CORP,OK,2,1,1.2,270957,KLAC,NASDAQ,
WFC,WELLS FARGO,OK,2,1,1.275,10375,WFC,NYSE,
RTX,RTX CORP,OK,2,1,1.066,415342104,RTX,NYSE,
TXN,TEXAS INSTRUMENT INC,OK,2,1,1.029,13096,TXN,NASDAQ,
MS,MORGAN STANLEY,OK,2,1,1.049,2841574,MS,NYSE,
LIN,LINDE PLC,OK,2,1,1.393,617155599,LIN,NASDAQ,
C,CITIGROUP INC,OK,2,1,1.337,87335484,C,NYSE,
ORCL,ORACLE CORP,OK,2,1,1.16,272800,ORCL,NYSE,
CRWD,CROWDSTRIKE HOLDINGS INC CLASS A,OK,2,1,1.104,370757467,CRWD,NASDAQ,
IBM,INTERNATIONAL BUSINESS MACHINES CO,OK,2,1,1.256,8314,IBM,NYSE,
TMO,THERMO FISHER SCIENTIFIC INC,OK,2,1,1.316,12869,TMO,NYSE,
AMGN,AMGEN INC,OK,2,1,1.191,266145,AMGN,NASDAQ,
SNDK,SANDISK CORP,OK,2,1,1.168,760250490,SNDK,NASDAQ,
MCD,MCDONALDS CORP,OK,2,1,1.287,9408,MCD,NYSE,
AXP,AMERICAN EXPRESS,OK,2,1,1.282,4721,AXP,NYSE,
PEP,PEPSICO INC,OK,2,1,1.115,11017,PEP,NASDAQ,
NEE,NEXTERA ENERGY INC,OK,2,1,1.151,75960201,NEE,NYSE,
APH,AMPHENOL CORP CLASS A,OK,2,1,1.186,4493,APH,NYSE,
ADI,ANALOG DEVICES INC,OK,2,1,1.178,4157,ADI,NASDAQ,
VZ,VERIZON COMMUNICATIONS INC,OK,2,1,1.352,4901,VZ,NYSE,
QCOM,QUALCOMM INC,OK,2,1,1.186,273544,QCOM,NASDAQ,
UNP,UNION PACIFIC CORP,OK,2,1,1.207,13284,UNP,NYSE,
ANET,ARISTA NETWORKS INC,OK,2,1,1.09,740948854,ANET,NYSE,
ABT,ABBOTT LABORATORIES,OK,2,1,1.262,4065,ABT,NYSE,
DIS,WALT DISNEY,OK,2,1,1.533,6459,DIS,NYSE,
WELL,WELLTOWER INC,OK,2,1,1.48,207739931,WELL,NYSE,
TJX,TJX INC,OK,2,1,1.183,12814,TJX,NYSE,
GILD,GILEAD SCIENCES INC,OK,2,1,1.185,269753,GILD,NASDAQ,
SCHW,CHARLES SCHWAB CORP,OK,2,1,1.289,11905,SCHW,NYSE,
MRVL,MARVELL TECHNOLOGY INC,OK,2,1,1.318,483492393,MRVL,NASDAQ,
BLK,BLACKROCK INC,OK,2,1,1.264,729193719,BLK,NYSE,
BA,BOEING,OK,2,1,1.121,4762,BA,NYSE,
WDC,WESTERN DIGITAL CORP,OK,2,1,1.191,13681,WDC,NASDAQ,
ETN,EATON PLC,OK,2,1,1.206,118017869,ETN,NYSE,
T,AT&T INC,OK,2,1,1.24,37018770,T,NYSE,
DE,DEERE,OK,2,1,1.16,6393,DE,NYSE,
PFE,PFIZER INC,OK,2,1,1.28,11031,PFE,NYSE,
UBER,UBER TECHNOLOGIES INC,OK,2,1,1.046,365207014,UBER,NYSE,
BKNG,BOOKING HOLDINGS INC,OK,2,1,1.083,308728373,BKNG,NASDAQ,
COP,CONOCOPHILLIPS,OK,2,1,1.316,10885,COP,NYSE,
PLD,PROLOGIS REIT INC,OK,2,1,1.466,88819288,PLD,NYSE,
CVS,CVS HEALTH CORP,OK,2,1,1.42,2585769,CVS,NYSE,
CRM,SALESFORCE INC,OK,2,1,1.076,29624264,CRM,NYSE,
SPGI,S&P GLOBAL INC,OK,2,1,1.193,229629397,SPGI,NYSE,
COF,CAPITAL ONE FINANCIAL CORP,OK,2,1,1.113,5941,COF,NYSE,
DHR,DANAHER CORP,OK,2,1,1.16,6442,DHR,NYSE,
MO,ALTRIA GROUP INC,OK,2,1,1.163,9769,MO,NYSE,
BMY,BRISTOL MYERS SQUIBB,OK,2,1,1.295,5111,BMY,NYSE,
CB,CHUBB,OK,2,1,1.192,218939694,CB,NYSE,
VRTX,VERTEX PHARMACEUTICALS INC,OK,2,1,1.254,275850,VRTX,NASDAQ,
GLW,CORNING INC,OK,2,1,1.169,7655,GLW,NYSE,
ISRG,INTUITIVE SURGICAL INC,OK,2,1,1.128,9063285,ISRG,NASDAQ,
PGR,PROGRESSIVE CORP,OK,2,1,1.243,11080,PGR,NYSE,
SBUX,STARBUCKS CORP,OK,2,1,1.248,274105,SBUX,NASDAQ,
PH,PARKER-HANNIFIN CORP,OK,2,1,1.283,11094,PH,NYSE,
DELL,DELL TECHNOLOGIES INC CLASS C,OK,2,1,1.208,346218218,DELL,NYSE,
LOW,LOWES COMPANIES INC,OK,2,1,1.104,9199,LOW,NYSE,
VRT,VERTIV HOLDINGS CLASS A,OK,2,1,1.061,402783527,VRT,NYSE,
SYK,STRYKER CORP,OK,2,1,1.184,4430948,SYK,NYSE,
HWM,HOWMET AEROSPACE INC,OK,2,1,1.189,403121976,HWM,NYSE,
BNY,BANK OF NEW YORK MELLON CORP,OK,2,1,1.348,44986804,BNY,NYSE,
SO,SOUTHERN,OK,2,1,1.346,12300,SO,NYSE,
MDT,MEDTRONIC PLC,OK,2,1,1.33,181387075,MDT,NYSE,
NOW,SERVICENOW INC,OK,2,1,1.279,109911821,NOW,NYSE,
TT,TRANE TECHNOLOGIES PLC,OK,2,1,1.357,406709270,TT,NYSE,
LMT,LOCKHEED MARTIN CORP,OK,2,1,1.262,611191,LMT,NYSE,
MCK,MCKESSON CORP,OK,2,1,1.352,9657,MCK,NYSE,
ADP,AUTOMATIC DATA PROCESSING INC,OK,2,1,1.348,4661,ADP,NASDAQ,
APP,APPLOVIN CORP CLASS A,OK,2,1,1.217,481863646,APP,NASDAQ,
PNC,PNC FINANCIAL SERVICES GROUP INC,OK,2,1,1.282,11240,PNC,NYSE,
EQIX,EQUINIX REIT INC,OK,2,1,1.112,181764593,EQIX,NASDAQ,
USB,US BANCORP,OK,2,1,1.191,11669769,USB,NYSE,
FTNT,FORTINET INC,OK,2,1,1.144,70236214,FTNT,NASDAQ,
DUK,DUKE ENERGY CORP,OK,2,1,1.264,110176011,DUK,NYSE,
ADBE,ADOBE INC,OK,2,1,1.255,265768,ADBE,NASDAQ,
NEM,NEWMONT,OK,2,1,1.196,10174,NEM,NYSE,
BX,BLACKSTONE INC,OK,2,1,1.263,372834689,BX,NYSE,
GD,GENERAL DYNAMICS CORP,OK,2,1,1.195,7496,GD,NYSE,
CSX,CSX CORP,OK,2,1,1.352,6150,CSX,NASDAQ,
PWR,QUANTA SERVICES INC,OK,2,1,1.321,6608432,PWR,NYSE,
TMUS,T MOBILE US INC,OK,2,1,1.332,125980227,TMUS,NASDAQ,
MPC,MARATHON PETROLEUM CORP,OK,2,1,1.235,89495776,MPC,NYSE,
VLO,VALERO ENERGY CORP,OK,2,1,1.178,13497,VLO,NYSE,
CDNS,CADENCE DESIGN SYSTEMS INC,OK,2,1,1.155,5552,CDNS,NASDAQ,
SNOW,SNOWFLAKE INC,OK,2,1,1.116,444884769,SNOW,NYSE,
CMI,CUMMINS INC,OK,2,1,1.228,6207,CMI,NYSE,
WMB,WILLIAMS INC,OK,2,1,1.299,13805,WMB,NYSE,
WM,WASTE MANAGEMENT INC,OK,2,1,1.272,13379,WM,NYSE,
CME,CME GROUP INC CLASS A,OK,2,1,1.213,45127739,CME,NASDAQ,
NET,CLOUDFLARE INC CLASS A,OK,2,1,1.15,382633646,NET,NYSE,
ACN,ACCENTURE PLC CLASS A,OK,2,1,1.196,67889930,ACN,NYSE,
UPS,UNITED PARCEL SERVICE INC CLASS B,OK,2,1,1.269,6231002,UPS,NYSE,
MRSH,MARSH INC,OK,2,1,1.334,9705,MRSH,NYSE,
JCI,JOHNSON CONTROLS INTERNATIONAL PLC,OK,2,1,1.442,244164913,JCI,NYSE,
DDOG,DATADOG INC CLASS A,OK,2,1,1.209,383858515,DDOG,NASDAQ,
CMCSA,COMCAST CORP CLASS A,OK,2,1,1.237,267748,CMCSA,NASDAQ,
FCX,FREEPORT MCMORAN INC,OK,2,1,1.11,7089,FCX,NYSE,
MMM,3M,OK,2,1,1.202,9720,MMM,NYSE,
PSX,PHILLIPS 66,OK,2,1,1.178,105669270,PSX,NYSE,
ELV,ELEVANCE HEALTH INC,OK,2,1,1.069,173962302,ELV,NYSE,
CEG,CONSTELLATION ENERGY CORP,OK,2,1,1.054,538132976,CEG,NASDAQ,
MAR,MARRIOTT INTERNATIONAL INC CLASS A,OK,2,1,1.135,9358,MAR,NASDAQ,
ITW,ILLINOIS TOOL INC,OK,2,1,1.158,8620,ITW,NYSE,
AMT,AMERICAN TOWER REIT CORP,OK,2,1,1.194,99831145,AMT,NYSE,
INTU,INTUIT INC,OK,2,1,1.165,270662,INTU,NASDAQ,
ICE,INTERCONTINENTAL EXCHANGE INC,OK,2,1,1.178,136370275,ICE,NYSE,
EMR,EMERSON ELECTRIC,OK,2,1,1.671,6842,EMR,NYSE,
MDLZ,MONDELEZ INTERNATIONAL INC CLASS A,OK,2,1,1.274,113599091,MDLZ,NASDAQ,
TRV,TRAVELERS COMPANIES INC,OK,2,1,1.298,43150617,TRV,NYSE,
HOOD,ROBINHOOD MARKETS INC CLASS A,OK,2,1,1.058,504546674,HOOD,NASDAQ,
SHW,SHERWIN WILLIAMS,OK,2,1,1.127,12120,SHW,NYSE,
MCO,MOODYS CORP,OK,2,1,1.223,6497,MCO,NYSE,
NSC,NORFOLK SOUTHERN CORP,OK,2,1,1.201,10497,NSC,NYSE,
AON,AON PLC CLASS A,OK,2,1,1.293,414366114,AON,NYSE,
SPOT,SPOTIFY TECHNOLOGY SA,OK,2,1,1.26,312496724,SPOT,NYSE,
EOG,EOG RESOURCES INC,OK,2,1,1.275,6890,EOG,NYSE,
CL,COLGATE-PALMOLIVE,OK,2,1,1.267,5749,CL,NYSE,
ROST,ROSS STORES INC,OK,2,1,1.274,273939,ROST,NASDAQ,
CI,CIGNA,OK,2,1,1.187,346403540,CI,NYSE,
SPG,SIMON PROPERTY GROUP REIT INC,OK,2,1,1.333,2009113,SPG,NYSE,
RCL,ROYAL CARIBBEAN GROUP LTD,OK,2,1,1.187,11520,RCL,NYSE,
AEP,AMERICAN ELECTRIC POWER INC,OK,2,1,1.354,4211,AEP,NASDAQ,
HLT,HILTON WORLDWIDE HOLDINGS INC,OK,2,1,1.262,257944570,HLT,NYSE,
SNPS,SYNOPSYS INC,OK,2,1,1.047,274499,SNPS,NASDAQ,
HON,HONEYWELL INTERNATIONAL INC,OK,2,1,1.217,892744244,HON,NASDAQ,
ORLY,OREILLY AUTOMOTIVE INC,OK,2,1,1.084,82457808,ORLY,NASDAQ,
SLB,SLB NV,OK,2,1,1.218,12200,SLB,NYSE,
CTAS,CINTAS CORP,OK,2,1,1.291,268149,CTAS,NASDAQ,
NOC,NORTHROP GRUMMAN CORP,OK,2,1,1.269,10376,NOC,NYSE,
KKR,KKR AND CO INC,OK,2,1,1.19,321328198,KKR,NYSE,
DASH,DOORDASH INC CLASS A,OK,2,1,1.098,459309417,DASH,NASDAQ,
CRH,CRH PUBLIC LIMITED PLC,OK,2,1,1.186,655276609,CRH,NYSE,
MNST,MONSTER BEVERAGE CORP,OK,2,1,1.183,196986496,MNST,NASDAQ,
GM,GENERAL MOTORS,OK,2,1,1.197,80986742,GM,NYSE,
MSI,MOTOROLA SOLUTIONS INC,OK,2,1,1.269,81581011,MSI,NYSE,
FDX,FEDEX CORP,OK,2,1,1.278,5100583,FDX,NYSE,
REGN,REGENERON PHARMACEUTICALS INC,OK,2,1,1.172,273733,REGN,NASDAQ,
TDG,TRANSDIGM GROUP INC,OK,2,1,1.034,38285434,TDG,NYSE,
ECL,ECOLAB INC,OK,2,1,1.237,6682,ECL,NYSE,
HONA,HONEYWELL AEROSPACE INC,OK,2,1,0.969,891050670,HONA,NASDAQ,
SPCX,SPACE EXPLORATION TECHNOLOGIES COR,OK,2,1,0.923,890493863,SPCX,NASDAQ,
TFC,TRUIST FINANCIAL CORP,OK,2,1,1.219,393460310,TFC,NYSE,
BSX,BOSTON SCIENTIFIC CORP,OK,2,1,1.181,5270,BSX,NYSE,
URI,UNITED RENTALS INC,OK,2,1,1.215,3629755,URI,NYSE,
PCAR,PACCAR INC,OK,2,1,1.405,272992,PCAR,NASDAQ,
AJG,ARTHUR J GALLAGHER,OK,2,1,1.189,4325,AJG,NYSE,
APD,AIR PRODUCTS AND CHEMICALS INC,OK,2,1,1.337,4487,APD,NYSE,
WBD,WARNER BROS. DISCOVERY INC SERIES,OK,2,1,1.149,554208351,WBD,NASDAQ,
ALL,ALLSTATE CORP,OK,2,1,1.197,4357,ALL,NYSE,
TGT,TARGET CORP,OK,2,1,1.22,6437,TGT,NYSE,
DLR,DIGITAL REALTY TRUST REIT INC,OK,2,1,1.209,31832526,DLR,NYSE,
KMI,KINDER MORGAN INC,OK,2,1,1.137,83975037,KMI,NYSE,
D,DOMINION ENERGY INC,OK,2,1,1.181,6327,D,NYSE,
MPWR,MONOLITHIC POWER SYSTEMS INC,OK,2,1,1.18,32106121,MPWR,NASDAQ,
O,REALTY INCOME REIT CORP,OK,2,1,1.506,10672,O,NYSE,
HPE,HEWLETT PACKARD ENTERPRISE,OK,2,1,1.108,209411798,HPE,NYSE,
GWW,WW GRAINGER INC,OK,2,1,1.248,7867,GWW,NYSE,
ABNB,AIRBNB INC CLASS A,OK,2,1,1.343,459530964,ABNB,NASDAQ,
SRE,SEMPRA,OK,2,1,1.273,11020,SRE,NYSE,
TRGP,TARGA RESOURCES CORP,OK,2,1,1.277,81671838,TRGP,NYSE,
OKE,ONEOK INC,OK,2,1,1.231,10794,OKE,NYSE,
CTVA,CORTEVA INC,OK,2,1,1.024,366239371,CTVA,NYSE,
FIX,COMFORT SYSTEMS USA INC,OK,2,1,1.302,6607708,FIX,NYSE,
BE,BLOOM ENERGY CLASS A CORP,OK,2,1,1.093,326398514,BE,NYSE,
COR,CENCORA INC,OK,2,1,1.328,1714996,COR,NYSE,
AFL,AFLAC INC,OK,2,1,1.213,4227,AFL,NYSE,
F,FORD MOTOR CO,OK,2,1,1.336,9599491,F,NYSE,
BKR,BAKER HUGHES CLASS A,OK,2,1,1.498,281316445,BKR,NASDAQ,
HCA,HCA HEALTHCARE INC,OK,2,1,1.099,85076790,HCA,NYSE,
DAL,DELTA AIR LINES INC,OK,2,1,1.104,44001820,DAL,NYSE,
LNG,CHENIERE ENERGY INC,OK,2,1,1.106,4728003,LNG,NYSE,
AME,AMETEK INC,OK,2,1,1.345,4392,AME,NYSE,
KEYS,KEYSIGHT TECHNOLOGIES INC,OK,2,1,1.177,170167160,KEYS,NYSE,
CARR,CARRIER GLOBAL CORP,OK,2,1,1.177,410755397,CARR,NYSE,
CAH,CARDINAL HEALTH INC,OK,2,1,1.348,5407,CAH,NYSE,
CIEN,CIENA CORP,OK,2,1,1.146,41045553,CIEN,NYSE,
LHX,L3HARRIS TECHNOLOGIES INC,OK,2,1,1.207,371886040,LHX,NYSE,
FITB,FIFTH THIRD BANCORP,OK,2,1,1.137,269318,FITB,NYSE,
EA,ELECTRONIC ARTS INC,OK,2,1,1.071,268995,EA,NASDAQ,
VST,VISTRA CORP,OK,2,1,1.163,254457731,VST,NYSE,
FAST,FASTENAL,OK,2,1,1.17,269120,FAST,NASDAQ,
NUE,NUCOR CORP,OK,2,1,1.339,10557,NUE,NYSE,
LITE,LUMENTUM HOLDINGS INC,OK,2,1,1.189,201113895,LITE,NASDAQ,
ROK,ROCKWELL AUTOMATION INC,OK,2,1,1.266,11697,ROK,NYSE,
ETR,ENTERGY CORP,OK,2,1,1.347,6969,ETR,NYSE,
NKE,NIKE INC CLASS B,OK,2,1,1.214,10291,NKE,NYSE,
APO,APOLLO GLOBAL MANAGEMENT INC,OK,2,1,1.324,535288388,APO,NYSE,
MET,METLIFE INC,OK,2,1,1.336,8093509,MET,NYSE,
PYPL,PAYPAL HOLDINGS INC,OK,2,1,1.164,199169591,PYPL,NASDAQ,
TER,TERADYNE INC,OK,2,1,1.097,12729,TER,NASDAQ,
PSA,PUBLIC STORAGE REIT,OK,2,1,1.34,12002,PSA,NYSE,
AZO,AUTOZONE INC,OK,2,1,1.115,4750,AZO,NYSE,
EBAY,EBAY INC,OK,2,1,1.072,4347086,EBAY,NASDAQ,
DVN,DEVON ENERGY CORP,OK,2,1,1.496,754442,DVN,NYSE,
COHR,COHERENT CORP,OK,2,1,1.222,584127832,COHR,NYSE,
XEL,XCEL ENERGY INC,OK,2,1,1.246,10517,XEL,NASDAQ,
EW,EDWARDS LIFESCIENCES CORP,OK,2,1,1.169,8101142,EW,NYSE,
STT,STATE STREET CORP,OK,2,1,1.242,2730980,STT,NYSE,
HUM,HUMANA INC,OK,2,1,1.115,8251,HUM,NYSE,
AMP,AMERIPRISE FINANCE INC,OK,2,1,1.135,35970258,AMP,NYSE,
EXC,EXELON CORP,OK,2,1,1.436,11000,EXC,NASDAQ,
NU,NU HOLDINGS CLASS A,OK,2,1,1.2,531212348,NU,NYSE,
CVNA,CARVANA CLASS A,OK,2,1,1.028,274144952,CVNA,NYSE,
VTR,VENTAS REIT INC,OK,2,1,1.141,4044062,VTR,NYSE,
ALAB,ASTERA LABS INC,OK,2,1,1.209,692196414,ALAB,NASDAQ,
ADSK,AUTODESK INC,OK,2,1,1.077,265681,ADSK,NASDAQ,
BDX,BECTON DICKINSON,OK,2,1,1.237,4886,BDX,NYSE,
IDXX,IDEXX LABORATORIES INC,OK,2,1,1.123,270413,IDXX,NASDAQ,
FERG,FERGUSON ENTERPRISES INC,OK,2,1,1.187,717988170,FERG,NYSE,
RSG,REPUBLIC SERVICES INC,OK,2,1,1.324,6478024,RSG,NYSE,
WAB,WESTINGHOUSE AIR BRAKE TECHNOLOGIE,OK,2,1,1.269,661633,WAB,NYSE,
MSCI,MSCI INC,OK,2,1,1.176,47101335,MSCI,NYSE,
CMG,CHIPOTLE MEXICAN GRILL INC,OK,2,1,1.103,37655664,CMG,NYSE,
TTWO,TAKE TWO INTERACTIVE SOFTWARE INC,OK,2,1,1.101,6478131,TTWO,NASDAQ,
FLEX,FLEX LTD,OK,2,1,1.097,4596077,FLEX,NASDAQ,
ODFL,OLD DOMINION FREIGHT LINE INC,OK,2,1,1.204,272667,ODFL,NASDAQ,
MCHP,MICROCHIP TECHNOLOGY INC,OK,2,1,1.188,271568,MCHP,NASDAQ,
AIG,AMERICAN INTERNATIONAL GROUP INC,OK,2,1,1.187,61319701,AIG,NYSE,
XYZ,BLOCK INC CLASS A,OK,2,1,1.083,212671971,XYZ,NYSE,
ED,CONSOLIDATED EDISON INC,OK,2,1,1.248,6691,ED,NYSE,
PRU,PRUDENTIAL FINANCIAL INC,OK,2,1,1.111,13865082,PRU,NYSE,
ADM,ARCHER DANIELS MIDLAND,OK,2,1,1.353,4165,ADM,NYSE,
GRMN,GARMIN LTD,OK,2,1,1.32,76791198,GRMN,NYSE,
CBRE,CBRE GROUP INC CLASS A,OK,2,1,1.199,95514904,CBRE,NYSE,
NDAQ,NASDAQ INC,OK,2,1,1.273,29380756,NDAQ,NASDAQ,
YUM,YUM BRANDS INC,OK,2,1,1.213,3206042,YUM,NYSE,
KDP,KEURIG DR PEPPER INC,OK,2,1,1.157,324057162,KDP,NASDAQ,
OXY,OCCIDENTAL PETROLEUM CORP,OK,2,1,1.261,10880,OXY,NYSE,
AXON,AXON ENTERPRISE INC,OK,2,1,1.184,272104927,AXON,NASDAQ,
PEG,PUBLIC SERVICE ENTERPRISE GROUP IN,OK,2,1,1.25,11005,PEG,NYSE,
SYY,SYSCO CORP,OK,2,1,1.223,12581,SYY,NYSE,
IBKR,INTERACTIVE BROKERS GROUP INC CLAS,OK,2,1,1.191,43645865,IBKR,NASDAQ,
AU,ANGLOGOLD ASHANTI PLC,OK,2,1,1.188,655276604,AU,NYSE,
HIG,HARTFORD INSURANCE GROUP INC,OK,2,1,1.184,1217009,HIG,NYSE,
PCG,PG&E CORP,OK,2,1,1.307,2586035,PCG,NYSE,
DHI,D R HORTON INC,OK,2,1,1.236,268627,DHI,NYSE,
FANG,DIAMONDBACK ENERGY INC,OK,2,1,1.074,115441080,FANG,NASDAQ,
VMC,VULCAN MATERIALS,OK,2,1,1.37,13515,VMC,NYSE,
UAL,UNITED AIRLINES HOLDINGS INC,OK,2,1,1.086,79498203,UAL,NASDAQ,
WEC,WEC ENERGY GROUP INC,OK,2,1,1.236,198560237,WEC,NYSE,
A,AGILENT TECHNOLOGIES INC,OK,2,1,1.172,1715006,A,NYSE,
ROP,ROPER TECHNOLOGIES INC,OK,2,1,1.722,2585629,ROP,NASDAQ,
NTRA,NATERA INC,OK,2,1,1.002,198950253,NTRA,NASDAQ,
HBAN,HUNTINGTON BANCSHARES INC,OK,2,1,1.415,270018,HBAN,NASDAQ,
IRM,IRON MOUNTAIN INC,OK,2,1,1.115,180350774,IRM,NYSE,
PAYX,PAYCHEX INC,OK,2,1,1.219,272942,PAYX,NASDAQ,
MTB,M&T BANK,OK,2,1,1.171,2585323,MTB,NYSE,
RKLB,ROCKET LAB CORP,OK,2,1,1.267,787273575,RKLB,NASDAQ,
WAT,WATERS CORP,OK,2,1,1.102,1448494,WAT,NYSE,
KVUE,KENVUE INC,OK,2,1,1.167,629043863,KVUE,NYSE,
KMB,KIMBERLY CLARK CORP,OK,2,1,1.259,8864,KMB,NASDAQ,
ALNY,ALNYLAM PHARMACEUTICALS INC,OK,2,1,1.268,29442968,ALNY,NASDAQ,
RVMD,REVOLUTION MEDICINES INC,OK,2,1,1.178,403666731,RVMD,NASDAQ,
ACGL,ARCH CAPITAL GROUP LTD,OK,2,1,1.308,10763362,ACGL,NASDAQ,
CCI,CROWN CASTLE INC,OK,2,1,1.368,176571182,CCI,NYSE,
COIN,COINBASE GLOBAL INC CLASS A,OK,2,1,1.171,481691285,COIN,NASDAQ,
ON,ON SEMICONDUCTOR CORP,OK,2,1,1.183,8677881,ON,NASDAQ,
IQV,IQVIA HOLDINGS INC,OK,2,1,1.246,295757261,IQV,NYSE,
NTRS,NORTHERN TRUST CORP,OK,2,1,1.273,272565,NTRS,NASDAQ,
CCL,CARNIVAL CORP LTD,OK,2,1,1.509,878372298,CCL,NYSE,
MLM,MARTIN MARIETTA MATERIALS INC,OK,2,1,1.72,9690,MLM,NYSE,
CRDO,CREDO TECHNOLOGY GROUP HOLDING LTD,OK,2,1,1.402,541265127,CRDO,NASDAQ,
CNC,CENTENE CORP,OK,2,1,1.114,13878278,CNC,NYSE,
EME,EMCOR GROUP INC,OK,2,1,1.232,6820,EME,NYSE,
RBLX,ROBLOX CORP CLASS A,OK,2,1,1.133,476026060,RBLX,NYSE,
KR,KROGER,OK,2,1,1.267,8908,KR,NYSE,
NTAP,NETAPP INC,OK,2,1,1.167,49921110,NTAP,NASDAQ,
ZTS,ZOETIS INC CLASS A,OK,2,1,1.293,121665622,ZTS,NYSE,
IR,INGERSOLL RAND INC,OK,2,1,1.209,404509190,IR,NYSE,
CASY,CASEYS GENERAL STORES INC,OK,2,1,1.316,267265,CASY,NASDAQ,
STLD,STEEL DYNAMICS INC,OK,2,1,1.223,6478095,STLD,NASDAQ,
JBL,JABIL INC,OK,2,1,1.168,4457282,JBL,NYSE,
EXR,EXTRA SPACE STORAGE REIT INC,OK,2,1,1.111,30351205,EXR,NYSE,
MSTR,STRATEGY INC CLASS A,OK,2,1,1.085,272110,MSTR,NASDAQ,
DTE,DTE ENERGY,OK,2,1,1.34,6585,DTE,NYSE,
EXPE,EXPEDIA GROUP INC,OK,2,1,1.186,98542021,EXPE,NASDAQ,
AEE,AMEREN CORP,OK,2,1,1.263,13181,AEE,NYSE,
CFG,CITIZENS FINANCIAL GROUP INC,OK,2,1,1.269,167955370,CFG,NYSE,
TWLO,TWILIO INC CLASS A,OK,2,1,1.184,237794430,TWLO,NYSE,
BIIB,BIOGEN INC,OK,2,1,1.185,26734397,BIIB,NASDAQ,
EQT,EQT CORP,OK,2,1,1.188,57698865,EQT,NYSE,
SUNB,SUNBELT RENTALS HOLDINGS INC,OK,2,1,1.188,858494169,SUNB,NYSE,
EIX,EDISON INTERNATIONAL,OK,2,1,1.317,11899,EIX,NYSE,
RJF,RAYMOND JAMES INC,OK,2,1,1.3,11656,RJF,NYSE,
WDAY,WORKDAY INC CLASS A,OK,2,1,1.114,115324104,WDAY,NASDAQ,
VEEV,VEEVA SYSTEMS INC CLASS A,OK,2,1,1.11,136254493,VEEV,NYSE,
DXCM,DEXCOM INC,OK,2,1,1.027,33837089,DXCM,NASDAQ,
HAL,HALLIBURTON,OK,2,1,1.225,7890,HAL,NYSE,
ATO,ATMOS ENERGY CORP,OK,2,1,1.364,4644,ATO,NYSE,
TDY,TELEDYNE TECHNOLOGIES INC,OK,2,1,1.29,6340773,TDY,NYSE,
VICI,VICI PPTYS INC,OK,2,1,1.239,292080616,VICI,NYSE,
XYL,XYLEM INC,OK,2,1,1.289,95703740,XYL,NYSE,
RMD,RESMED INC,OK,2,1,1.154,4817352,RMD,NYSE,
LYV,LIVE NATION ENTERTAINMENT INC,OK,2,1,1.363,37511786,LYV,NYSE,
CBOE,CBOE GLOBAL MARKETS INC,OK,2,1,1.536,76227954,CBOE,BATS,
Q,QNITY ELECTRONICS INC,OK,2,1,1.23,824788107,Q,NYSE,
GEHC,GE HEALTHCARE TECHNOLOGIES INC,OK,2,1,1.195,601776309,GEHC,NASDAQ,
TPR,TAPESTRY INC,OK,2,1,1.126,292491487,TPR,NYSE,
DOV,DOVER CORP,OK,2,1,1.185,6517,DOV,NYSE,
CNP,CENTERPOINT ENERGY INC,OK,2,1,1.307,8093,CNP,NYSE,
FTI,TECHNIPFMC PLC,OK,2,1,1.086,262072228,FTI,NYSE,
FICO,FAIR ISAAC CORP,OK,2,1,1.313,269280,FICO,NYSE,
ILMN,ILLUMINA INC,OK,2,1,1.149,9869443,ILMN,NASDAQ,
ES,EVERSOURCE ENERGY,OK,2,1,1.185,182880167,ES,NYSE,
OTIS,OTIS WORLDWIDE CORP,OK,2,1,1.213,410755402,OTIS,NYSE,
DG,DOLLAR GENERAL CORP,OK,2,1,1.3,70212228,DG,NYSE,
WTW,WILLIS TOWERS WATSON PLC,OK,2,1,1.459,217947855,WTW,NASDAQ,
CINF,CINCINNATI FINANCIAL CORP,OK,2,1,1.334,267661,CINF,NASDAQ,
FE,FIRSTENERGY CORP,OK,2,1,1.431,3265376,FE,NYSE,
RF,REGIONS FINANCIAL CORP,OK,2,1,1.348,273815,RF,NYSE,
PPL,PPL CORP,OK,2,1,1.215,661547,PPL,NYSE,
CRS,CARPENTER TECHNOLOGY CORP,OK,2,1,1.224,6077,CRS,NYSE,
FISV,FISERV INC,OK,2,1,1.124,269315,FISV,NASDAQ,
AVB,AVALONBAY COMMUNITIES REIT INC,OK,2,1,1.166,5026974,AVB,NYSE,
WSM,WILLIAMS SONOMA INC,OK,2,1,1.205,5019164,WSM,NYSE,
MTD,METTLER TOLEDO INC,OK,2,1,1.185,6477908,MTD,NYSE,
AWK,AMERICAN WATER WORKS INC,OK,2,1,1.229,50530752,AWK,NYSE,
VRSK,VERISK ANALYTICS INC,OK,2,1,1.017,69293559,VRSK,NASDAQ,
NRG,NRG ENERGY INC,OK,2,1,1.165,10188791,NRG,NYSE,
CW,CURTISS WRIGHT CORP,OK,2,1,1.345,6236,CW,NYSE,
LPLA,LPL FINANCIAL HOLDINGS INC,OK,2,1,1.159,109435481,LPLA,NASDAQ,
PPG,PPG INDUSTRIES INC,OK,2,1,1.693,11295,PPG,NYSE,
HUBB,HUBBELL INC,OK,2,1,1.346,216386790,HUBB,NYSE,
QSR,RESTAURANTS BRANDS INTERNATIONAL I,OK,2,1,1.267,176372132,QSR,NYSE,
EQR,EQUITY RESIDENTIAL REIT,OK,2,1,1.253,6917,EQR,NYSE,
CRWV,COREWEAVE INC CLASS A,OK,2,1,1.229,771759702,CRWV,NASDAQ,
OKTA,OKTA INC CLASS A,OK,2,1,1.067,272356196,OKTA,NASDAQ,
ATI,ATI INC,OK,2,1,1.261,1946967,ATI,NYSE,
HSY,HERSHEY FOODS,OK,2,1,1.275,8199,HSY,NYSE,
WST,WEST PHARMACEUTICAL SERVICES INC,OK,2,1,1.347,13909,WST,NYSE,
NVT,NVENT ELECTRIC PLC,OK,2,1,1.105,314064093,NVT,NYSE,
CHRW,CH ROBINSON WORLDWIDE INC,OK,2,1,1.421,36320731,CHRW,NASDAQ,
ARES,ARES MANAGEMENT CORP CLASS A,OK,2,1,1.269,341904548,ARES,NYSE,
SYF,SYNCHRONY FINANCIAL,OK,2,1,1.444,162231797,SYF,NYSE,
TROW,T ROWE PRICE GROUP INC,OK,2,1,1.338,275321,TROW,NASDAQ,
MKL,MARKEL GROUP INC,OK,2,1,1.074,271460,MKL,NYSE,
XPO,XPO INC,OK,2,1,1.278,93957038,XPO,NYSE,
CPRT,COPART INC,OK,2,1,1.18,4728523,CPRT,NASDAQ,
ZM,ZOOM COMMUNICATIONS INC CLASS A,OK,2,1,1.048,361181057,ZM,NASDAQ,
PFG,PRINCIPAL FINANCIAL GROUP INC,OK,2,1,1.136,11032,PFG,NASDAQ,
MDB,MONGODB INC CLASS A,OK,2,1,1.035,292833239,MDB,NASDAQ,
EXPD,EXPEDITORS INTERNATIONAL OF WASHIN,OK,2,1,1.29,269082,EXPD,NYSE,
TPL,TEXAS PACIFIC LAND CORP,OK,2,1,1.213,463654490,TPL,NYSE,
RPRX,ROYALTY PHARMA PLC CLASS A,OK,2,1,1.146,427387265,RPRX,NASDAQ,
PHM,PULTEGROUP INC,OK,2,1,1.122,11109,PHM,NYSE,
RDDT,REDDIT INC CLASS A,OK,2,1,1.324,692025016,RDDT,NYSE,
WWD,WOODWARD INC,OK,2,1,1.281,6761574,WWD,NASDAQ,
FFIV,F5 INC,OK,2,1,1.149,6248713,FFIV,NASDAQ,
DLTR,DOLLAR TREE INC,OK,2,1,1.214,49388062,DLTR,NASDAQ,
CPAY,CORPAY INC,OK,2,1,1.185,691994611,CPAY,NYSE,
DGX,QUEST DIAGNOSTICS INC,OK,2,1,1.224,2459465,DGX,NYSE,
LH,LABCORP HOLDINGS INC,OK,2,1,0.922,703660032,LH,NYSE,
CHD,CHURCH AND DWIGHT INC,OK,2,1,1.185,5651,CHD,NYSE,
SW,SMURFIT WESTROCK PLC,OK,2,1,1.173,713434903,SW,NYSE,
OMC,OMNICOM GROUP INC,OK,2,1,1.161,10811,OMC,NYSE,
VLTO,VERALTO CORP,OK,2,1,1.303,655276622,VLTO,NYSE,
INSM,INSMED INC,OK,2,1,1.197,84889699,INSM,NASDAQ,
DRI,DARDEN RESTAURANTS INC,OK,2,1,1.259,661440,DRI,NYSE,
HPQ,HP INC,OK,2,1,1.27,209411801,HPQ,NYSE,
VRSN,VERISIGN INC,OK,2,1,1.22,4173050,VRSN,NASDAQ,
CMS,CMS ENERGY CORP,OK,2,1,1.154,5840,CMS,NYSE,
MRNA,MODERNA INC,OK,2,1,1.098,344809106,MRNA,NASDAQ,
LUV,SOUTHWEST AIRLINES,OK,2,1,1.418,9282,LUV,NYSE,
FWONK,LIBERTY MEDIA FORMULA ONE SERIES C,OK,2,1,1.097,646549324,FWONK,NASDAQ,
KHC,KRAFT HEINZ,OK,2,1,1.293,199169586,KHC,NASDAQ,
UTHR,UNITED THERAPEUTICS CORP,OK,2,1,1.034,6746357,UTHR,NASDAQ,
NI,NISOURCE INC,OK,2,1,1.168,10260,NI,NYSE,
KEY,KEYCORP,OK,2,1,1.151,8809,KEY,NYSE,
FIS,FIDELITY NATIONAL INFORMATION SERV,OK,2,1,1.281,37866641,FIS,NYSE,
JBHT,JB HUNT TRANSPORT SERVICES INC,OK,2,1,1.185,270825,JBHT,NASDAQ,
SOFI,SOFI TECHNOLOGIES INC,OK,2,1,1.179,494162724,SOFI,NASDAQ,
P,EVERPURE INC CLASS A,OK,2,1,1.113,208813725,P,NYSE,
MKSI,MKS,OK,2,1,1.111,4814955,MKSI,NASDAQ,
BURL,BURLINGTON STORES INC,OK,2,1,1.255,135699190,BURL,NYSE,
FSLR,FIRST SOLAR INC,OK,2,1,1.256,41622169,FSLR,NASDAQ,
DOW,DOW INC,OK,2,1,1.436,356576040,DOW,NYSE,
STE,STERIS,OK,2,1,1.371,358060563,STE,NYSE,
USFD,US FOODS HOLDING CORP,OK,2,1,1.174,234662860,USFD,NYSE,
CTSH,COGNIZANT TECHNOLOGY SOLUTIONS COR,OK,2,1,1.258,4728759,CTSH,NASDAQ,
FTAI,FTAI AVIATION LTD,OK,2,1,1.202,597016366,FTAI,NASDAQ,
EFX,EQUIFAX INC,OK,2,1,1.286,6735,EFX,NYSE,
ENTG,ENTEGRIS INC,OK,2,1,0.993,9653775,ENTG,NASDAQ,
AFRM,AFFIRM HOLDINGS INC CLASS A,OK,2,1,1.255,465119069,AFRM,NASDAQ,
ULTA,ULTA BEAUTY INC,OK,2,1,1.194,46970422,ULTA,NASDAQ,
SNA,SNAP ON INC,OK,2,1,1.123,12259,SNA,NYSE,
RBA,RB GLOBAL INC,OK,2,1,1.169,630919726,RBA,NYSE,
CPNG,COUPANG INC CLASS A,OK,2,1,1.188,475686899,CPNG,NYSE,
MTZ,MASTEC INC,OK,2,1,1.184,2586246,MTZ,NYSE,
GIS,GENERAL MILLS INC,OK,2,1,1.268,7616,GIS,NYSE,
VTRS,VIATRIS INC,OK,2,1,0.945,454859695,VTRS,NASDAQ,
EL,ESTEE LAUDER INC CLASS A,OK,2,1,1.182,1448477,EL,NYSE,
PKG,PACKAGING CORP OF AMERICA,OK,2,1,1.267,7740411,PKG,NYSE,
EXE,EXPAND ENERGY CORP,OK,2,1,1.182,470458975,EXE,NASDAQ,
BRO,BROWN & BROWN INC,OK,2,1,1.202,6607613,BRO,NYSE,
RS,RELIANCE STEEL & ALUMINUM,OK,2,1,1.027,11735,RS,NYSE,
IFF,INTERNATIONAL FLAVORS & FRAGRANCES,OK,2,1,1.18,8385,IFF,NYSE,
AMCR,AMCOR PLC,OK,2,1,1.102,845305949,AMCR,NYSE,
IP,INTERNATIONAL PAPER,OK,2,1,1.193,8511,IP,NYSE,
GH,GUARDANT HEALTH INC,OK,2,1,1.105,335906876,GH,NASDAQ,
EVRG,EVERGY INC,OK,2,1,1.277,320106069,EVRG,NASDAQ,
SBAC,SBA COMMUNICATIONS REIT CORP CLASS,OK,2,1,1.1,262397910,SBAC,NASDAQ,
INCY,INCYTE CORP,OK,2,1,1.178,4369855,INCY,NASDAQ,
LNT,ALLIANT ENERGY CORP,OK,2,1,1.297,5026984,LNT,NASDAQ,
STRL,STERLING INFRASTRUCTURE INC,OK,2,1,1.079,27778176,STRL,NASDAQ,
L,LOEWS CORP,OK,2,1,1.034,9252,L,NYSE,
HEIA,HEICO CORP CLASS A,ERROR,0,2,51.011,,,,Timeout qualificazione contratto
ESS,ESSEX PROPERTY TRUST REIT INC,OK,2,1,1.19,6946,ESS,NYSE,
FTV,FORTIVE CORP,OK,2,1,1.105,236074120,FTV,NYSE,
SNX,TD SYNNEX CORP,OK,2,1,1.27,26904835,SNX,NYSE,
CF,CF INDUSTRIES HOLDINGS INC,OK,2,1,1.215,35447205,CF,NYSE,
BAM,BROOKFIELD ASSET MANAGEMENT VOTING,OK,2,1,1.145,599900805,BAM,NYSE,
ROKU,ROKU INC CLASS A,OK,2,1,1.194,290651477,ROKU,NASDAQ,
DD,DUPONT DE NEMOURS INC,OK,2,1,1.344,887235923,DD,NYSE,
EWBC,EAST WEST BANCORP INC,OK,2,1,1.264,4730364,EWBC,NASDAQ,
STZ,CONSTELLATION BRANDS INC CLASS A,OK,2,1,1.052,276066,STZ,NYSE,
RBC,RBC BEARINGS INC,OK,2,1,1.075,35419704,RBC,NYSE,
GPN,GLOBAL PAYMENTS INC,OK,2,1,1.146,11477774,GPN,NYSE,
MTSI,MACOM TECHNOLOGY SOLUTIONS INC,OK,2,1,1.239,104158272,MTSI,NASDAQ,
MDLN,MEDLINE INC CLASS A,OK,2,1,1.117,839162872,MDLN,NASDAQ,
INVH,INVITATION HOMES INC,OK,2,1,1.18,264405214,INVH,NYSE,
ZBH,ZIMMER BIOMET HOLDINGS INC,OK,2,1,1.186,12851783,ZBH,NYSE,
WY,WEYERHAEUSER REIT,OK,2,1,1.201,13949,WY,NYSE,
LII,LENNOX INTERNATIONAL INC,OK,2,1,2.104,6608113,LII,NYSE,
KIM,KIMCO REALTY REIT CORP,OK,2,1,1.577,8845,KIM,NYSE,
GPC,GENUINE PARTS,OK,2,1,1.148,7745,GPC,NYSE,
LEN,LENNAR A CORP CLASS A,OK,2,1,1.218,9091,LEN,NYSE,
AKAM,AKAMAI TECHNOLOGIES INC,OK,2,1,1.142,6220356,AKAM,NASDAQ,
LSCC,LATTICE SEMICONDUCTOR CORP,OK,2,1,1.097,271320,LSCC,NASDAQ,
BR,BROADRIDGE FINANCIAL SOLUTIONS INC,OK,2,1,1.197,43523793,BR,NYSE,
ITT,ITT INC,OK,2,1,1.258,233010383,ITT,NYSE,
FN,FABRINET,OK,2,1,1.356,76615083,FN,NYSE,
NVR,NVR INC,OK,2,1,1.22,755864,NVR,NYSE,
FCNCA,FIRST CITIZENS BANCSHARES INC CLAS,OK,2,1,1.369,269174,FCNCA,NASDAQ,
CDW,CDW CORP,OK,2,1,1.221,130432552,CDW,NASDAQ,
VIK,VIKING HOLDINGS,OK,2,1,1.133,700079602,VIK,NYSE,
TLN,TALEN ENERGY CORP,OK,2,1,1.153,631538926,TLN,NASDAQ,
ROIV,ROIVANT SCIENCES LTD,OK,2,1,1.132,518304342,ROIV,NASDAQ,
PFGC,PERFORMANCE FOOD GROUP,OK,2,1,1.129,208317027,PFGC,NYSE,
BALL,BALL CORP,OK,2,1,1.161,5052,BALL,NYSE,
WPC,W. P. CAREY REIT INC,OK,2,1,1.111,113407826,WPC,NYSE,
IEX,IDEX CORP,OK,2,1,1.143,8377,IEX,NYSE,
THC,TENET HEALTHCARE CORP,OK,2,1,1.157,114929760,THC,NYSE,
NBIX,NEUROCRINE BIOSCIENCES INC,OK,2,1,1.109,4815347,NBIX,NASDAQ,
BBY,BEST BUY INC,OK,2,1,1.291,4817,BBY,NYSE,
FDXF,FEDEX FREIGHT HOLDING COMPANY INC,OK,2,1,1.271,884688186,FDXF,NYSE,
HST,HOST HOTELS & RESORTS REIT INC,OK,2,1,1.248,8057,HST,NASDAQ,
NLY,ANNALY CAPITAL MANAGEMENT REIT INC,OK,2,1,1.259,585013481,NLY,NYSE,
OVV,OVINTIV INC,OK,2,1,1.234,400651394,OVV,NYSE,
WRB,WR BERKLEY CORP,OK,2,1,1.116,266822,WRB,NYSE,
WCC,WESCO INTERNATIONAL INC,OK,2,1,1.138,6608665,WCC,NYSE,
RGLD,ROYAL GOLD INC,OK,2,1,1.17,4817403,RGLD,NASDAQ,
RGA,REINSURANCE GROUP OF AMERICA INC,OK,2,1,1.169,55998789,RGA,NYSE,
TSCO,TRACTOR SUPPLY,OK,2,1,1.202,6858322,TSCO,NASDAQ,
PR,PERMIAN RESOURCES CORP CLASS A,OK,2,1,1.175,583257697,PR,NYSE,
BG,BUNGE GLOBAL SA,OK,2,1,1.231,663174498,BG,NYSE,
SCCO,SOUTHERN COPPER CORP,OK,2,1,1.272,1812968,SCCO,NYSE,
MAS,MASCO CORP,OK,2,1,1.229,9360,MAS,NYSE,
TSN,TYSON FOODS INC CLASS A,OK,2,1,1.216,275405,TSN,NYSE,
TXT,TEXTRON INC,OK,2,1,1.136,13101,TXT,NYSE,
CLH,CLEAN HARBORS INC,OK,2,1,1.138,267700,CLH,NYSE,
DOC,HEALTHPEAK PROPERTIES INC,OK,2,1,1.326,389700396,DOC,NYSE,
ZS,ZSCALER INC,OK,2,1,1.171,310621426,ZS,NASDAQ,
TEAM,ATLASSIAN CORP CLASS A,OK,2,1,1.145,589316251,TEAM,NASDAQ,
BWXT,BWX TECHNOLOGIES INC,OK,2,1,1.187,196689572,BWXT,NYSE,
TRU,TRANSUNION,OK,2,1,1.024,198051403,TRU,NYSE,
J,JACOBS SOLUTIONS INC,OK,2,1,1.208,582332987,J,NYSE,
MAA,MID AMERICA APARTMENT COMMUNITIES,OK,2,1,1.232,9317,MAA,NYSE,
APG,API GROUP CORP,OK,2,1,1.013,419583227,APG,NYSE,
NXT,NEXTPOWER INC CLASS A,OK,2,1,1.118,613058308,NXT,NASDAQ,
NDSN,NORDSON CORP,OK,2,1,1.069,272314,NDSN,NASDAQ,
JLL,JONES LANG LASALLE INC,OK,2,1,1.003,6608072,JLL,NYSE,
LYB,LYONDELLBASELL INDUSTRIES CLASS A,OK,2,1,1.159,74866700,LYB,NYSE,
EG,EVEREST GROUP LTD,OK,2,1,1.208,6477725,EG,NYSE,
FLUT,FLUTTER ENTERTAINMENT PLC,OK,2,1,1.117,680895249,FLUT,NYSE,
PTC,PTC INC,OK,2,1,1.115,121507047,PTC,NASDAQ,
SUI,SUN COMMUNITIES REIT INC,OK,2,1,1.208,12485,SUI,NYSE,
REG,REGENCY CENTERS REIT CORP,OK,2,1,1.112,11574,REG,NASDAQ,
DECK,DECKERS OUTDOOR CORP,OK,2,1,1.126,268376,DECK,NYSE,
OHI,OMEGA HEALTHCARE INVESTORS REIT IN,OK,2,1,1.07,10754,OHI,NYSE,
ARMK,ARAMARK,OK,2,1,1.343,139816149,ARMK,NYSE,
PNFP,PINNACLE FINANCIAL PARTNERS INC,OK,2,1,1.04,841841359,PNFP,NYSE,
ASTS,AST SPACEMOBILE INC CLASS A,OK,2,1,1.109,480745767,ASTS,NASDAQ,
SGI,SOMNIGROUP INTERNATIONAL INC,OK,2,1,1.1,27059190,SGI,NYSE,
CDE,COEUR MINING INC,OK,2,1,1.131,60532895,CDE,NYSE,
DTM,DT MIDSTREAM INC,OK,2,1,0.956,495876055,DTM,NYSE,
JAZZ,JAZZ PHARMACEUTICALS PLC,OK,2,1,1.143,100430853,JAZZ,NASDAQ,
RIVN,RIVIAN AUTOMOTIVE INC CLASS A,OK,2,1,1.14,525768800,RIVN,NASDAQ,
GEN,GEN DIGITAL INC,OK,2,1,1.218,390332324,GEN,NASDAQ,
HEI,HEICO CORP,OK,2,1,1.189,754990,HEI,NYSE,
GL,GLOBE LIFE INC,OK,2,1,1.064,375868349,GL,NYSE,
SSNC,SS AND C TECHNOLOGIES HOLDINGS INC,OK,2,1,1.163,73911494,SSNC,NASDAQ,
ALB,ALBEMARLE CORP,OK,2,1,1.268,4347,ALB,NYSE,
TOL,TOLL BROTHERS INC,OK,2,1,1.187,12915,TOL,NYSE,
NTNX,NUTANIX INC CLASS A,OK,2,1,1.108,249850033,NTNX,NASDAQ,
RL,RALPH LAUREN CORP CLASS A,OK,2,1,1.288,92306678,RL,NYSE,
UNM,UNUM,OK,2,1,1.131,13277,UNM,NYSE,
SWK,STANLEY BLACK & DECKER INC,OK,2,1,1.244,73354293,SWK,NYSE,
EXEL,EXELIXIS INC,OK,2,1,0.936,8088389,EXEL,NASDAQ,
COO,COOPER INC,OK,2,1,1.109,685217803,COO,NASDAQ,
AIZ,ASSURANT INC,OK,2,1,1.166,27727424,AIZ,NYSE,
TOST,TOAST INC CLASS A,OK,2,1,1.131,516097394,TOST,NYSE,
LAMR,LAMAR ADVERTISING COMPANY CLAS,OK,2,1,1.03,174076715,LAMR,NASDAQ,
DKS,DICKS SPORTING INC,OK,2,1,1.178,16310970,DKS,NYSE,
CSL,CARLISLE COMPANIES INC,OK,2,1,1.132,6120,CSL,NYSE,
EQH,EQUITABLE HOLDINGS INC,OK,2,1,1.105,398898580,EQH,NYSE,
RRX,REGAL REXNORD CORP,OK,2,1,1.284,756340,RRX,NYSE,
RKT,ROCKET COMPANIES INC CLASS A,OK,2,1,1.113,438058842,RKT,NYSE,
ONTO,ONTO INNOVATION INC,OK,2,1,1.124,387597494,ONTO,NYSE,
BBIO,BRIDGEBIO PHARMA INC,OK,2,1,1.157,372849723,BBIO,NASDAQ,
DINO,HF SINCLAIR CORP,OK,2,1,1.428,550324178,DINO,NYSE,
ROL,ROLLINS INC,OK,2,1,1.25,11700,ROL,NYSE,
RNR,RENAISSANCERE HOLDING LTD,OK,2,1,1.228,2008959,RNR,NYSE,
QXO,QXO INC,OK,2,1,1.158,707875919,QXO,NYSE,
SMCI,SUPER MICRO COMPUTER INC,OK,2,1,1.136,731466419,SMCI,NASDAQ,
TTMI,TTM TECHNOLOGIES INC,OK,2,1,1.1,10311716,TTMI,NASDAQ,
TYL,TYLER TECHNOLOGIES INC,OK,2,1,1.316,13116,TYL,NYSE,
LECO,LINCOLN ELECTRIC HOLDINGS INC,OK,2,1,1.077,4814179,LECO,NASDAQ,
RPM,RPM INTERNATIONAL INC,OK,2,1,1.13,273962,RPM,NYSE,
FNF,FIDELITY NATIONAL FINANCIAL INC,OK,2,1,1.02,156178034,FNF,NYSE,
LDOS,LEIDOS HOLDINGS INC,OK,2,1,1.1,134280621,LDOS,NYSE,
DT,DYNATRACE INC,OK,2,1,1.566,376427905,DT,NYSE,
MKC,MCCORMICK & CO NON-VOTING INC,OK,2,1,2.105,271556,MKC,NYSE,
TXRH,TEXAS ROADHOUSE INC,OK,2,1,1.17,31379441,TXRH,NASDAQ,
IOT,SAMSARA INC CLASS A,OK,2,1,1.13,532274461,IOT,NYSE,
CCK,CROWN HOLDINGS INC,OK,2,1,0.952,5513,CCK,NYSE,
WSO,WATSCO INC,OK,2,1,1.131,13904,WSO,NYSE,
ASND,ASCENDIS PHARMA,OK,2,1,1.031,875133894,ASND,NASDAQ,
PNW,PINNACLE WEST CORP,OK,2,1,1.058,11257,PNW,NYSE,
MLI,MUELLER INDUSTRIES INC,OK,2,1,1.157,9680,MLI,NYSE,
SN,SHARKNINJA INC,OK,2,1,1.238,644855271,SN,NYSE,
UDR,UDR REIT INC,OK,2,1,1.277,43274444,UDR,NYSE,
ZBRA,ZEBRA TECHNOLOGIES CORP CLASS A,OK,2,1,1.096,276304,ZBRA,NASDAQ,
BWA,BORGWARNER INC,OK,2,1,1.171,5336,BWA,NYSE,
IONQ,IONQ INC,OK,2,1,1.158,517593749,IONQ,NYSE,
GWRE,GUIDEWIRE SOFTWARE INC,OK,2,1,1.133,100825898,GWRE,NYSE,
ALLY,ALLY FINANCIAL INC,OK,2,1,1.062,148233980,ALLY,NYSE,
ELAN,ELANCO ANIMAL HEALTH INC,OK,2,1,1.222,333848211,ELAN,NYSE,
ECHO,ECHOSTAR CORP CLASS A,OK,2,1,1.124,47965865,ECHO,NASDAQ,
ELS,EQUITY LIFESTYLE PROPERTIES REIT I,OK,2,1,1.244,9584,ELS,NYSE,
AVY,AVERY DENNISON CORP,OK,2,1,1.137,4694,AVY,NYSE,
AGNC,AGNC INVESTMENT REIT CORP,OK,2,1,1.552,249963585,AGNC,NASDAQ,
LVS,LAS VEGAS SANDS CORP,OK,2,1,1.2,32602412,LVS,NYSE,
GNRC,GENERAC HOLDINGS INC,OK,2,1,1.536,72529783,GNRC,NYSE,
APA,APA CORP,OK,2,1,1.351,474515500,APA,NASDAQ,
EVR,EVERCORE INC CLASS A,OK,2,1,1.244,40358992,EVR,NYSE,
GDDY,GODADDY INC CLASS A,OK,2,1,1.095,188986978,GDDY,NYSE,
GGG,GRACO INC,OK,2,1,1.332,7563,GGG,NYSE,
AIT,APPLIED INDUSTRIAL TECHNOLOGIES IN,OK,2,1,1.16,4313,AIT,NYSE,
SITM,SITIME CORP,OK,2,1,1.311,392585451,SITM,NASDAQ,
GLPI,GAMING AND LEISURE PROPERTIES REIT,OK,2,1,1.086,136254442,GLPI,NASDAQ,
RVTY,REVVITY INC,OK,2,1,1.232,6737,RVTY,NYSE,
WBS,WEBSTER FINANCIAL CORP,OK,2,1,1.264,275948,WBS,NYSE,
RBRK,RUBRIK INC CLASS A,OK,2,1,1.151,699030013,RBRK,NYSE,
TRMB,TRIMBLE INC,OK,2,1,1.133,275294,TRMB,NASDAQ,
FHN,FIRST HORIZON CORP,OK,2,1,1.225,269555,FHN,NYSE,
APTV,APTIV PLC,OK,2,1,1.178,748351585,APTV,NYSE,
CG,CARLYLE GROUP INC,OK,2,1,1.194,397999651,CG,NASDAQ,
DY,DYCOM INDUSTRIES INC,OK,2,1,1.147,6630,DY,NYSE,
SOLV,SOLVENTUM CORP,OK,2,1,1.241,691984360,SOLV,NYSE,
BJ,BJS WHOLESALE CLUB HOLDINGS INC,OK,2,1,1.961,323612220,BJ,NYSE,
PEN,PENUMBRA INC,OK,2,1,0.983,206663857,PEN,NYSE,
CSGP,COSTAR GROUP INC,OK,2,1,1.167,6726677,CSGP,NASDAQ,
DKNG,DRAFTKINGS INC CLASS A,OK,2,1,1.397,560105364,DKNG,NASDAQ,
MEDP,MEDPACE HOLDINGS INC,OK,2,1,0.998,243508636,MEDP,NASDAQ,
KNX,KNIGHT-SWIFT TRANSPORTATION HOLDIN,OK,2,1,1.155,288039996,KNX,NYSE,
MOD,MODINE MANUFACTURING,OK,2,1,1.141,271952,MOD,NYSE,
ALGN,ALIGN TECHNOLOGY INC,OK,2,1,2.284,11459264,ALGN,NASDAQ,
TW,TRADEWEB MARKETS INC CLASS A,OK,2,1,1.169,359693017,TW,NASDAQ,
ALLE,ALLEGION PLC,OK,2,1,1.226,138438437,ALLE,NYSE,
NYT,NEW YORK TIMES CLASS A,OK,2,1,1.077,755883,NYT,NYSE,
EGP,EASTGROUP PROPERTIES REIT INC,OK,2,1,1.1,6747,EGP,NYSE,
AMH,AMERICAN HOMES RENT REIT CLASS A,OK,2,1,1.03,132221970,AMH,NYSE,
BAX,BAXTER INTERNATIONAL INC,OK,2,1,1.078,8111188,BAX,NYSE,
LULU,LULULEMON ATHLETICA INC,OK,2,1,1.139,45157951,LULU,NASDAQ,
CLX,CLOROX,OK,2,1,1.203,5794,CLX,NYSE,
PODD,INSULET CORP,OK,2,1,1.125,44061838,PODD,NASDAQ,
SMTC,SEMTECH CORP,OK,2,1,1.198,3655896,SMTC,NASDAQ,
SJM,JM SMUCKER,OK,2,1,1.36,15130038,SJM,NYSE,
SF,STIFEL FINANCIAL CORP,OK,2,1,1.227,12008,SF,NYSE,
MOH,MOLINA HEALTHCARE INC,OK,2,1,1.134,19012089,MOH,NYSE,
SAIA,SAIA INC,OK,2,1,1.143,40078069,SAIA,NASDAQ,
TECH,BIO TECHNE CORP,OK,2,1,1.177,172729810,TECH,NASDAQ,
AA,ALCOA CORP,OK,2,1,1.527,251962528,AA,NYSE,
HAS,HASBRO INC,OK,2,1,1.28,754956,HAS,NASDAQ,
OC,OWENS CORNING,OK,2,1,1.181,41289692,OC,NYSE,
TKO,TKO GROUP HOLDINGS INC CLASS A,OK,2,1,1.265,652841542,TKO,NYSE,
HUBS,HUBSPOT INC,OK,2,1,1.113,169544810,HUBS,NYSE,
FOXA,FOX CORP CLASS A,OK,2,1,1.16,356858008,FOXA,NASDAQ,
PINS,PINTEREST INC CLASS A,OK,2,1,1.167,360975915,PINS,NYSE,
WTRG,ESSENTIAL UTILITIES INC,OK,2,1,1.199,401501770,WTRG,NYSE,
BMRN,BIOMARIN PHARMACEUTICAL INC,OK,2,1,1.097,6857447,BMRN,NASDAQ,
JKHY,JACK HENRY AND ASSOCIATES INC,OK,2,1,1.258,270869,JKHY,NASDAQ,
BPOP,POPULAR INC,OK,2,1,1.106,108164616,BPOP,NASDAQ,
CPT,CAMDEN PROPERTY TRUST REIT,OK,2,1,1.106,6004,CPT,NYSE,
FIVE,FIVE BELOW INC,OK,2,1,1.131,110650558,FIVE,NASDAQ,
EHC,ENCOMPASS HEALTH CORP,OK,2,1,1.044,295400714,EHC,NYSE,
CRL,CHARLES RIVER LABORATORIES INTERNA,OK,2,1,0.994,2730877,CRL,NYSE,
BXP,BXP INC,OK,2,1,1.238,5021340,BXP,NYSE,
WTFC,WINTRUST FINANCIAL CORP,OK,2,1,1.24,6761567,WTFC,NASDAQ,
AHR,AMERICAN HEALTHCARE REIT INC,OK,2,1,1.012,682161364,AHR,NYSE,
RMBS,RAMBUS INC,OK,2,1,1.116,4031477,RMBS,NASDAQ,
IREN,IREN LTD,OK,2,1,1.141,526906130,IREN,NASDAQ,
FRT,FEDERAL REALTY INVESTMENT TRUST RE,OK,2,1,1.135,535271307,FRT,NYSE,
CRCL,CIRCLE INTERNET GROUP INC CLASS A,OK,2,1,1.124,789044667,CRCL,NYSE,
AEIS,ADVANCED ENERGY INDUSTRIES INC,OK,2,1,1.117,4725946,AEIS,NASDAQ,
CGNX,COGNEX CORP,OK,2,1,1.105,267547,CGNX,NASDAQ,
MUSA,MURPHY USA INC,OK,2,1,1.118,132717465,MUSA,NYSE,
CR,CRANE,OK,2,1,0.997,621500411,CR,NYSE,
ZION,ZIONS BANCORPORATION,OK,2,1,1.248,276329,ZION,NASDAQ,
IVZ,INVESCO LTD,OK,2,1,1.131,47550606,IVZ,NYSE,
DCI,DONALDSON INC,OK,2,1,1.173,6353,DCI,NYSE,
SCI,SERVICE,OK,2,1,1.11,12399,SCI,NYSE,
HII,HUNTINGTON INGALLS INDUSTRIES INC,OK,2,1,1.093,86033355,HII,NYSE,
NWSA,NEWS CORP CLASS A,OK,2,1,1.009,129348126,NWSA,NASDAQ,
ARW,ARROW ELECTRONICS INC,OK,2,1,1.135,4568,ARW,NYSE,
AES,AES CORP,OK,2,1,0.997,2560358,AES,NYSE,
WMS,ADVANCED DRAINAGE SYSTEMS INC,OK,2,1,1.331,161687802,WMS,NYSE,
U,UNITY SOFTWARE INC,OK,2,1,1.134,445423543,U,NYSE,
AYI,ACUITY INC,OK,2,1,1.265,13838371,AYI,NYSE,
COKE,COCA COLA CONSOLIDATED INC,OK,2,1,1.105,267892,COKE,NASDAQ,
SPXC,SPX TECHNOLOGIES INC,OK,2,1,1.194,578351119,SPXC,NYSE,
GFL,GFL ENVIRONMENTAL SUBORDINATE VOTI,OK,2,1,1.027,406766975,GFL,NYSE,
CHTR,CHARTER COMMUNICATIONS INC CLASS A,OK,2,1,1.122,233674866,CHTR,NASDAQ,
DOCU,DOCUSIGN INC,OK,2,1,1.22,316073742,DOCU,NASDAQ,
R,RYDER SYSTEM INC,OK,2,1,1.115,11478,R,NYSE,
SEIC,SEI INVESTMENTS,OK,2,1,1.359,274224,SEIC,NASDAQ,
CACI,CACI INTERNATIONAL INC CLASS A,OK,2,1,1.159,267197,CACI,NYSE,
BRX,BRIXMOR PROPERTY GROUP REIT INC,OK,2,1,1.173,137494497,BRX,NYSE,
VMI,VALMONT INDS INC,OK,2,1,1.119,275665,VMI,NYSE,
ARWR,ARROWHEAD PHARMACEUTICALS INC,OK,2,1,1.105,228571236,ARWR,NASDAQ,
DAR,DARLING INGREDIENTS INC,OK,2,1,1.008,6604385,DAR,NYSE,
OGE,OGE ENERGY CORP,OK,2,1,1.166,2586038,OGE,NYSE,
SANM,SANMINA CORP,OK,2,1,1.328,117032813,SANM,NASDAQ,
SSB,SOUTHSTATE BANK CORP,OK,2,1,1.131,811021444,SSB,NYSE,
AAL,AMERICAN AIRLINES GROUP INC,OK,2,1,1.107,139673266,AAL,NASDAQ,
PNR,PENTAIR,OK,2,1,1.237,153068487,PNR,NYSE,
MDGL,MADRIGAL PHARMACEUTICALS INC,OK,2,1,1.02,241893053,MDGL,NASDAQ,
AXSM,AXSOME THERAPEUTICS INC,OK,2,1,1.105,212813168,AXSM,NASDAQ,
MANH,MANHATTAN ASSOCIATES INC,OK,2,1,1.087,4814485,MANH,NASDAQ,
AR,ANTERO RESOURCES CORP,OK,2,1,1.16,135942630,AR,NYSE,
PRI,PRIMERICA INC,OK,2,1,1.018,73956870,PRI,NYSE,
ORI,OLD REPUBLIC INTERNATIONAL CORP,OK,2,1,1.119,10840,ORI,NYSE,
ENSG,ENSIGN GROUP INC,OK,2,1,1.203,46986489,ENSG,NASDAQ,
DOCN,DIGITALOCEAN HOLDINGS INC,OK,2,1,1.123,478483393,DOCN,NYSE,
LFUS,LITTELFUSE INC,OK,2,1,1.187,271184,LFUS,NASDAQ,
DPZ,DOMINOS PIZZA INC,OK,2,1,1.154,29831612,DPZ,NASDAQ,
CFR,CULLEN FROST BANKERS INC,OK,2,1,1.122,5610,CFR,NYSE,
ALSN,ALLISON TRANSMISSION HOLDINGS INC,OK,2,1,1.058,104054141,ALSN,NYSE,
COLB,COLUMBIA BANKING SYSTEM INC,OK,2,1,1.071,267899,COLB,NASDAQ,
WTS,WATTS WATER TECHNOLOGIES INC CLASS,OK,2,1,1.101,2009894,WTS,NYSE,
AMG,AFFILIATED MANAGERS GROUP INC,OK,2,1,1.027,6607470,AMG,NYSE,
AFG,AMERICAN FINANCIAL GROUP INC,OK,2,1,1.139,661377,AFG,NYSE,
CUBE,CUBESMART REIT,OK,2,1,1.137,94153980,CUBE,NYSE,
SOLS,SOLSTICE ADVANCED MATERIALS INC,OK,2,1,1.135,822454680,SOLS,NASDAQ,
CNH,CNH INDUSTRIAL N.V. NV,OK,2,1,1.224,135330258,CNH,NYSE,
FDS,FACTSET RESEARCH SYSTEMS INC,OK,2,1,1.285,1847145,FDS,NYSE,
MTCH,MATCH GROUP INC,OK,2,1,1.006,430252818,MTCH,NASDAQ,
W,WAYFAIR INC CLASS A,OK,2,1,1.106,168812158,W,NYSE,
ADC,AGREE REALTY REIT CORP,OK,2,1,1.111,4151,ADC,NYSE,
NNN,NNN REIT INC,OK,2,1,1.073,39042404,NNN,NYSE,
VOYA,VOYA FINANCIAL INC,OK,2,1,1.042,146394607,VOYA,NYSE,
IT,GARTNER INC,OK,2,1,1.349,4457287,IT,NYSE,
HALO,HALOZYME THERAPEUTICS INC,OK,2,1,1.009,30212431,HALO,NASDAQ,
HL,HECLA MINING,OK,2,1,1.249,8027,HL,NYSE,
TTC,TORO,OK,2,1,1.144,13024,TTC,NYSE,
GME,GAMESTOP CORP CLASS A,OK,2,1,0.959,36285627,GME,NYSE,
IONS,IONIS PHARMACEUTICALS INC,OK,2,1,1.121,216201303,IONS,NASDAQ,
OSK,OSHKOSH CORP,OK,2,1,1.095,272856,OSK,NYSE,
TIGO,MILLICOM INTERNATIONAL CELLULAR SA,OK,2,1,1.309,6478301,TIGO,NASDAQ,
WAL,WESTERN ALLIANCE,OK,2,1,1.044,35090283,WAL,NYSE,
BEN,FRANKLIN RESOURCES INC,OK,2,1,1.084,4906,BEN,NYSE,
SWKS,SKYWORKS SOLUTIONS INC,OK,2,1,1.179,4726021,SWKS,NASDAQ,
BMNR,BITMINE IMMERSION TECHNOLOGIES INC,OK,2,1,1.007,785071865,BMNR,NYSE,
VIAV,VIAVI SOLUTIONS INC,OK,2,1,1.155,201113049,VIAV,NASDAQ,
FR,FIRST INDUSTRIAL REALTY TRUST INC,OK,2,1,1.065,7330,FR,NYSE,
ACM,AECOM,OK,2,1,1.076,43980401,ACM,NYSE,
FLS,FLOWSERVE CORP,OK,2,1,1.176,6477749,FLS,NYSE,
NCLH,NORWEGIAN CRUISE LINE HOLDINGS LTD,OK,2,1,1.155,120643512,NCLH,NYSE,
RRC,RANGE RESOURCES CORP,OK,2,1,1.079,6608450,RRC,NYSE,
GMED,GLOBUS MEDICAL INC CLASS A,OK,2,1,1.176,111576465,GMED,NYSE,
ARE,ALEXANDRIA REAL ESTATE EQUITIES RE,OK,2,1,1.14,6607487,ARE,NYSE,
HSIC,HENRY SCHEIN INC,OK,2,1,1.041,3655640,HSIC,NASDAQ,
TKR,TIMKEN,OK,2,1,1.246,12826,TKR,NYSE,
MGM,MGM RESORTS INTERNATIONAL,OK,2,1,1.232,9560,MGM,NYSE,
CORT,CORCEPT THERAPEUTICS INC,OK,2,1,1.026,28565190,CORT,NASDAQ,
ESI,ELEMENT SOLUTIONS INC,OK,2,1,0.995,351659552,ESI,NYSE,
KTOS,KRATOS DEFENSE AND SECURITY SOLUTI,OK,2,1,1.275,68492173,KTOS,NASDAQ,
AXS,AXIS CAPITAL HOLDINGS LTD,OK,2,1,1.109,18963197,AXS,NYSE,
QGEN,QIAGEN NV,OK,2,1,0.989,840414918,QGEN,NYSE,
CNM,CORE & MAIN INC CLASS A,OK,2,1,0.987,504091781,CNM,NYSE,
REXR,REXFORD INDUSTRIAL REALTY REIT INC,OK,2,1,1.056,131219465,REXR,NYSE,
JEF,JEFFERIES FINANCIAL GROUP INC,OK,2,1,1.126,318911976,JEF,NYSE,
ATR,APTARGROUP INC,OK,2,1,1.28,4651,ATR,NYSE,
TTEK,TETRA TECH INC,OK,2,1,1.081,275920,TTEK,NASDAQ,
VNOM,VIPER ENERGY INC CLASS A,OK,2,1,1.063,808305869,VNOM,NASDAQ,
ONON,ON HOLDING AG CLASS A,OK,2,1,1.147,513880603,ONON,NYSE,
KMX,CARMAX INC,OK,2,1,1.048,2586156,KMX,NYSE,
FORM,FORMFACTOR INC,OK,2,1,1.147,18416237,FORM,NASDAQ,
UGI,UGI CORP,OK,2,1,1.118,13197,UGI,NYSE,
RAL,RALLIANT CORP,OK,2,1,0.987,792051315,RAL,NYSE,
BROS,DUTCH BROS INC CLASS A,OK,2,1,1.173,513880596,BROS,NYSE,
UHS,UNIVERSAL HEALTH SERVICES INC CLAS,OK,2,1,1.2,13206,UHS,NYSE,
IDA,IDACORP INC,OK,2,1,1.062,8360,IDA,NYSE,
BAH,BOOZ ALLEN HAMILTON HOLDING CORP C,OK,2,1,1.197,80968828,BAH,NYSE,
EMN,EASTMAN CHEMICAL,OK,2,1,1.154,6832,EMN,NYSE,
AAOI,APPLIED OPTOELECTRONICS INC,OK,2,1,1.197,135423662,AAOI,NASDAQ,
AMKR,AMKOR TECHNOLOGY INC,OK,2,1,1.138,4726244,AMKR,NASDAQ,
CBSH,COMMERCE BANCSHARES INC,OK,2,1,1.111,267345,CBSH,NASDAQ,
CRBG,COREBRIDGE FINANCIAL INC,OK,2,1,1.136,585036604,CRBG,NYSE,
STAG,STAG INDUSTRIAL REIT INC,OK,2,1,1.158,86792819,STAG,NYSE,
ETSY,ETSY INC,OK,2,1,1.203,190480965,ETSY,NYSE,
BLDR,BUILDERS FIRSTSOURCE INC,OK,2,1,1.156,34851874,BLDR,NYSE,
RGEN,REPLIGEN CORP,OK,2,1,1.346,273816,RGEN,NASDAQ,
TTD,TRADE DESK INC CLASS A,OK,2,1,1.122,248755440,TTD,NASDAQ,
HXL,HEXCEL CORP,OK,2,1,1.138,611167,HXL,NYSE,
SSD,SIMPSON MANUFACTURING INC,OK,2,1,1.105,6608528,SSD,NYSE,
AM,ANTERO MIDSTREAM CORP,OK,2,1,1.159,355947671,AM,NYSE,
NFG,NATIONAL FUEL GAS,OK,2,1,1.105,10199,NFG,NYSE,
KEX,KIRBY CORP,OK,2,1,1.173,2585501,KEX,NYSE,
AAON,AAON INC,OK,2,1,1.354,265595,AAON,NASDAQ,
DVA,DAVITA INC,OK,2,1,1.176,1035459,DVA,NYSE,
HLI,HOULIHAN LOKEY INC CLASS A,OK,2,1,1.19,202918196,HLI,NYSE,
KNSL,KINSALE CAPITAL GROUP INC,OK,2,1,1.048,242140470,KNSL,NYSE,
LNC,LINCOLN NATIONAL CORP,OK,2,1,1.202,9174,LNC,NYSE,
H,HYATT HOTELS CORP CLASS A,OK,2,1,1.183,70084337,H,NYSE,
LAD,LITHIA MOTORS INC CLASS A,OK,2,1,1.074,6608116,LAD,NYSE,
HRL,HORMEL FOODS CORP,OK,2,1,1.237,8153,HRL,NYSE,
WYNN,WYNN RESORTS LTD,OK,2,1,1.168,16454492,WYNN,NASDAQ,
THG,HANOVER INSURANCE GROUP INC,OK,2,1,1.225,37075152,THG,NYSE,
AVTR,AVANTOR INC,OK,2,1,1.077,366131368,AVTR,NYSE,
QRVO,QORVO INC,OK,2,1,1.022,179002152,QRVO,NASDAQ,
VNO,VORNADO REALTY TRUST REIT,OK,2,1,1.094,13535,VNO,NYSE,
CHRD,CHORD ENERGY CORP,OK,2,1,1.005,456517746,CHRD,NASDAQ,
LSTR,LANDSTAR SYSTEM INC,OK,2,1,1.106,271344,LSTR,NASDAQ,
MOS,MOSAIC,OK,2,1,1.192,88292752,MOS,NYSE,
AUR,AURORA INNOVATION INC CLASS A,OK,2,1,1.152,524706371,AUR,NASDAQ,
GFS,GLOBALFOUNDRIES INC,OK,2,1,1.122,523222624,GFS,NASDAQ,
FAF,FIRST AMERICAN FINANCIAL CORP,OK,2,1,1.235,75472985,FAF,NYSE,
LEA,LEAR CORP,OK,2,1,1.061,70152668,LEA,NYSE,
FOX,FOX CORP CLASS B,OK,2,1,1.034,356858007,FOX,NASDAQ,
CRUS,CIRRUS LOGIC INC,OK,2,1,0.977,268057,CRUS,NASDAQ,
SFM,SPROUTS FARMERS MARKET INC,OK,2,1,1.117,132310192,SFM,NASDAQ,
AXTA,AXALTA COATING SYSTEMS LTD,OK,2,1,1.017,173253787,AXTA,NYSE,
OMF,ONEMAIN HOLDINGS INC,OK,2,1,1.018,212990433,OMF,NYSE,
HR,HEALTHCARE REALTY TRUST INC CLASS,OK,2,1,1.022,575088334,HR,NYSE,
CART,MAPLEBEAR INC,OK,2,1,1.107,655310909,CART,NASDAQ,
AVT,AVNET INC,OK,2,1,1.053,4691,AVT,NASDAQ,
NOV,NOV INC,OK,2,1,1.052,462100032,NOV,NYSE,
ECG,EVERUS CONSTRUCTION GROUP INC,OK,2,1,0.986,737178111,ECG,NYSE,
CAVA,CAVA GROUP INC,OK,2,1,1.359,636387343,CAVA,NYSE,
AGCO,AGCO CORP,OK,2,1,1.081,4230,AGCO,NYSE,
CAG,CONAGRA BRANDS INC,OK,2,1,1.24,5402,CAG,NYSE,
XP,XP CLASS A INC,OK,2,1,0.996,395194484,XP,NASDAQ,
AOS,A O SMITH CORP,OK,2,1,1.231,12225,AOS,NYSE,
GTES,GATES INDUSTRIAL PLC,OK,1,1,1.21,900979449,GTES,NYSE,
PB,PROSPERITY BANCSHARES INC,OK,2,1,1.227,4816906,PB,NYSE,
AWI,ARMSTRONG WORLD INDUSTRIES INC,OK,2,1,0.963,41174537,AWI,NYSE,
ULS,UL SOLUTIONS INC CLASS A,OK,2,1,1.022,696016914,ULS,NYSE,
POWL,POWELL INDUSTRIES INC,OK,2,1,1.173,273290,POWL,NASDAQ,
LKQ,LKQ CORP,OK,2,1,1.019,26345312,LKQ,NASDAQ,
AS,AMER SPORTS INC,OK,2,1,1.196,681156868,AS,NYSE,
POOL,POOL CORP,OK,2,1,1.216,39195389,POOL,NASDAQ,
FNB,FNB CORP,OK,2,1,1.202,269135,FNB,NYSE,
CHE,CHEMED CORP,OK,2,1,1.149,5654,CHE,NYSE,
FPS,FORGENT POWER SOLUTIONS INC CLASS,OK,2,1,1.212,851539566,FPS,NYSE,
INGR,INGREDION INC,OK,2,1,1.1,107051249,INGR,NYSE,
WULF,TERAWULF INC,OK,2,1,1.122,532497563,WULF,NASDAQ,
APLD,APPLIED DIGITAL CORP,OK,2,1,1.164,556067819,APLD,NASDAQ,
CROX,CROCS INC,OK,2,1,1.136,37792836,CROX,NASDAQ,
RYN,RAYONIER REIT INC,OK,2,1,1.176,11800,RYN,NYSE,
MP,MP MATERIALS CORP CLASS A,OK,2,1,1.279,455592408,MP,NYSE,
EXP,EAGLE MATERIALS INC,OK,2,1,1.073,27267807,EXP,NYSE,
M,MACYS INC,OK,2,1,1.164,44475946,M,NYSE,
MSGS,MADISON SQUARE GARDEN SPORTS CORP,OK,2,1,1.126,206591285,MSGS,NYSE,
ST,SENSATA TECHNOLOGIES HOLDING PLC,OK,2,1,0.991,311458442,ST,NYSE,
LW,LAMB WESTON HOLDINGS INC,OK,2,1,1.035,253184108,LW,NYSE,
MTDR,MATADOR RESOURCES,OK,2,1,0.958,101694297,MTDR,NYSE,
TPG,TPG INC CLASS A,OK,2,1,0.98,537638912,TPG,NASDAQ,
GXO,GXO LOGISTICS INC,OK,2,1,0.953,502252244,GXO,NYSE,
UHALB,U HAUL NON VOTING SERIES N,ERROR,0,2,51.016,,,,Timeout qualificazione contratto
PL,PLANET LABS CLASS A,OK,2,1,1.126,530906124,PL,NYSE,
TAP,MOLSON COORS BREWING CLASS B,OK,2,1,1.076,33191300,TAP,NYSE,
MSA,MSA SAFETY INC,OK,2,1,1.1,145946660,MSA,NYSE,
SARO,STANDARDAERO,OK,2,1,1.04,732636198,SARO,NYSE,
CZR,CAESARS ENTERTAINMENT INC,OK,2,1,1.125,435774408,CZR,NASDAQ,
MTG,MGIC INVESTMENT CORP,OK,2,1,1.228,9902,MTG,NYSE,
PAYC,PAYCOM SOFTWARE INC,OK,2,1,1.054,148163036,PAYC,NYSE,
VFC,VF CORP,OK,2,1,1.137,13440,VFC,NYSE,
TFX,TELEFLEX INC,OK,2,1,1.289,12750,TFX,NYSE,
FND,FLOOR DECOR HOLDINGS INC CLASS A,OK,2,1,1.172,273992879,FND,NYSE,
PRMB,PRIMO BRANDS CLASS A CORP,OK,2,1,1.15,740066865,PRMB,NYSE,
BRKR,BRUKER CORP,OK,2,1,1.149,9905742,BRKR,NASDAQ,
FBIN,FORTUNE BRANDS INNOVATIONS INC,OK,2,1,1.764,94078796,FBIN,NYSE,
MBGL,MOBILITY GLOBAL INC,OK,2,1,1.302,893054611,MBGL,NYSE,
WEX,WEX INC,OK,2,1,1.207,115823351,WEX,NYSE,
S,SENTINELONE INC CLASS A,OK,2,1,1.286,499640681,S,NYSE,
WFRD,WEATHERFORD INTERNATIONAL PLC,OK,2,1,1.185,395881767,WFRD,NASDAQ,
VICR,VICOR CORP,OK,2,1,1.165,275759,VICR,NASDAQ,
STWD,STARWOOD PROPERTY TRUST REIT INC,OK,2,1,1.156,67418868,STWD,NYSE,
LYFT,LYFT INC CLASS A,OK,2,1,1.139,359130923,LYFT,NASDAQ,
OWL,BLUE OWL CAPITAL INC CLASS A,OK,2,1,1.153,491635677,OWL,NYSE,
PCOR,PROCORE TECHNOLOGIES INC,OK,2,1,1.133,491665436,PCOR,NYSE,
CHYM,CHIME FINANCIAL INC CLASS A,OK,2,1,1.001,790904952,CHYM,NASDAQ,
OKLO,OKLO INC CLASS A,OK,2,1,1.15,500073396,OKLO,NYSE,
ALGM,ALLEGRO MICROSYSTEMS INC,OK,2,1,1.143,452380681,ALGM,NASDAQ,
MIDD,MIDDLEBY CORP,OK,2,1,1.004,4814876,MIDD,NASDAQ,
SON,SONOCO PRODUCTS,OK,2,1,1.099,611273,SON,NYSE,
TEM,TEMPUS AI INC CLASS A,OK,2,1,1.162,709237125,TEM,NASDAQ,
HRB,H&R BLOCK INC,OK,2,1,1.191,8130,HRB,NYSE,
PCTY,PAYLOCITY HOLDING CORP,OK,2,1,1.124,146404668,PCTY,NASDAQ,
DOX,AMDOCS LTD,OK,2,1,1.269,4457288,DOX,NASDAQ,
Z,ZILLOW GROUP INC CLASS C,OK,2,1,1.146,201942684,Z,NASDAQ,
MHK,MOHAWK INDUSTRIES INC,OK,2,1,1.074,271967,MHK,NYSE,
WH,WYNDHAM HOTELS RESORTS INC,OK,2,1,1.047,317669729,WH,NYSE,
ENPH,ENPHASE ENERGY INC,OK,2,1,1.184,105368327,ENPH,NASDAQ,
BIO,BIO RAD LABORATORIES INC CLASS A,OK,2,1,1.026,764616,BIO,NYSE,
CHDN,CHURCHILL DOWNS INC,OK,2,1,1.036,267565,CHDN,NASDAQ,
MSM,MSC INDUSTRIAL INC CLASS A,OK,2,1,1.174,2008216,MSM,NYSE,
AVAV,AEROVIRONMENT INC,OK,2,1,1.13,42464367,AVAV,NASDAQ,
ESTC,ELASTIC NV,OK,2,1,1.136,335844146,ESTC,NYSE,
SIRI,SIRIUSXM HOLDINGS INC,OK,2,1,1.33,727785544,SIRI,NASDAQ,
OZK,BANK OZK,OK,2,1,1.15,325898825,OZK,NASDAQ,
IESC,IES INC,OK,2,1,1.111,234843378,IESC,NASDAQ,
MTN,VAIL RESORTS INC,OK,2,1,1.184,2586162,MTN,NYSE,
WTM,WHITE MOUNTAINS INSURANCE GROUP LT,OK,2,1,1.119,6607447,WTM,NYSE,
CUZ,COUSINS PROPERTIES REIT INC,OK,2,1,1.3,370528272,CUZ,NYSE,
VVV,VALVOLINE INC,OK,2,1,1.235,248754546,VVV,NYSE,
CLF,CLEVELAND CLIFFS INC,OK,2,1,1.346,286030327,CLF,NYSE,
ALK,ALASKA AIR GROUP INC,OK,2,1,1.218,4352,ALK,NYSE,
RLI,RLI CORP,OK,2,1,1.478,11667,RLI,NYSE,
VSNT,VERSANT MEDIA GROUP INC,OK,2,1,1.207,838625841,VSNT,NASDAQ,
NXST,NEXSTAR MEDIA GROUP INC,OK,2,1,1.047,26904818,NXST,NASDAQ,
BC,BRUNSWICK CORP,OK,2,1,1.06,4820,BC,NYSE,
GNTX,GENTEX CORP,OK,2,1,1.089,269828,GNTX,NASDAQ,
ESAB,ESAB CORP,OK,2,1,1.146,550617891,ESAB,NYSE,
BSY,BENTLEY SYSTEMS INC CLASS B,OK,2,1,1.002,446864692,BSY,NASDAQ,
FIG,FIGMA INC CLASS A,OK,2,1,1.158,802794976,FIG,NYSE,
DUOL,DUOLINGO INC CLASS A,OK,2,1,1.119,505002183,DUOL,NASDAQ,
AN,AUTONATION INC,OK,2,1,1.129,4528615,AN,NYSE,
CE,CELANESE CORP,OK,2,1,1.125,32943358,CE,NYSE,
ACI,ALBERTSONS COMPANY INC CLASS A,OK,2,1,1.028,429435235,ACI,NYSE,
G,GENPACT LTD,OK,2,1,1.314,45411028,G,NYSE,
SHC,SOTERA HEALTH COMPANY,OK,2,1,0.988,456524004,SHC,NASDAQ,
CHWY,CHEWY INC CLASS A,OK,2,1,1.148,370766146,CHWY,NYSE,
PATH,UIPATH INC CLASS A,OK,2,1,1.183,483311199,PATH,NYSE,
SAIC,SCIENCE APPLICATIONS INTERNATIONAL,OK,2,1,1.041,134306225,SAIC,NASDAQ,
RITM,RITHM CAPITAL CORP,OK,2,1,1.176,169688387,RITM,NYSE,
WSC,WILLSCOT HOLDINGS CORP CLASS A,OK,2,1,1.132,430976304,WSC,NASDAQ,
CELH,CELSIUS HOLDINGS INC,OK,2,1,1.104,71364351,CELH,NASDAQ,
LLYVK,LIBERTY LIVE HOLDINGS INC SERIES C,OK,2,1,1.087,837688565,LLYVK,NASDAQ,
SLM,SLM CORP,OK,2,1,1.072,12211,SLM,NASDAQ,
SITE,SITEONE LANDSCAPE SUPPLY INC,OK,2,1,1.041,233089461,SITE,NYSE,
LPX,LOUISIANA PACIFIC CORP,OK,2,1,1.048,9204,LPX,NYSE,
VIRT,VIRTU FINANCIAL INC CLASS A,OK,2,1,1.098,190480975,VIRT,NYSE,
GAP,GAP INC,OK,2,1,1.243,7765,GAP,NYSE,
FCN,FTI CONSULTING INC,OK,2,1,1.008,6604491,FCN,NYSE,
DBX,DROPBOX INC CLASS A,OK,2,1,1.089,311892159,DBX,NASDAQ,
KRC,KILROY REALTY REIT CORP,OK,2,1,1.25,2586128,KRC,NYSE,
TREX,TREX INC,OK,2,1,1.021,6608603,TREX,NYSE,
PRIM,PRIMORIS SERVICES CORP,OK,2,1,1.376,53509761,PRIM,NYSE,
KBR,KBR INC,OK,2,1,1.068,41552939,KBR,NYSE,
EPR,EPR PROPERTIES REIT,OK,2,1,1.217,116776441,EPR,NYSE,
COLD,AMERICOLD REALTY INC TRUST,OK,2,1,1.041,302902503,COLD,NYSE,
NEU,NEWMARKET CORP,OK,2,1,1.192,7002,NEU,NYSE,
MRP,MILLROSE PROPERTIES INC CLASS A,OK,2,1,1.044,755606536,MRP,NYSE,
BEPC,BROOKFIELD RENEWABLE SUBORDINATE V,OK,2,1,1.02,751356948,BEPC,NYSE,
EPAM,EPAM SYSTEMS INC,OK,2,1,1.23,101898880,EPAM,NYSE,
VNT,VONTIER CORP,OK,2,1,0.975,445554157,VNT,NYSE,
BYD,BOYD GAMING CORP,OK,2,1,1.056,5365,BYD,NYSE,
NVST,ENVISTA HOLDINGS CORP,OK,2,1,1.004,383308243,NVST,NYSE,
IRDM,IRIDIUM COMMUNICATIONS INC,OK,2,1,1.008,69195736,IRDM,NASDAQ,
MDU,MDU RESOURCES GROUP INC,OK,2,1,1.207,9485,MDU,NYSE,
RHI,ROBERT HALF,OK,2,1,1.101,11634,RHI,NYSE,
RYAN,RYAN SPECIALTY HOLDINGS INC CLASS,OK,2,1,1.007,503836700,RYAN,NYSE,
GTLB,GITLAB INC CLASS A,OK,2,1,1.13,520512263,GTLB,NASDAQ,
CPB,CAMPBELL SOUP,OK,2,1,1.199,5980,CPB,NASDAQ,
TNL,TRAVEL LEISURE,OK,2,1,1.047,469015035,TNL,NYSE,
BBWI,BATH AND BODY WORKS INC,OK,2,1,1.109,502252263,BBWI,NYSE,
NWS,NEWS CORP CLASS B,OK,2,1,1.2,129348130,NWS,NASDAQ,
MAT,MATTEL INC,OK,2,1,1.293,9365,MAT,NASDAQ,
EXLS,EXLSERVICE HOLDINGS INC,OK,2,1,1.031,41155380,EXLS,NASDAQ,
FIGR,FIGURE TECHNOLOGY SOLUTIONS INC CL,OK,2,1,1.042,813325480,FIGR,NASDAQ,
SLGN,SILGAN HOLDINGS INC,OK,2,1,1.098,4818193,SLGN,NYSE,
GSAT,GLOBALSTAR VOTING INC,OK,2,1,1.011,760229174,GSAT,NASDAQ,
PLNT,PLANET FITNESS INC CLASS A,OK,2,1,1.01,202114841,PLNT,NYSE,
GLXY,GALAXY DIGITAL INC CLASS A,OK,2,1,1.326,784233662,GLXY,NASDAQ,
OLLI,OLLIES BARGAIN OUTLET HOLDINGS INC,OK,2,1,1.106,199975711,OLLI,NASDAQ,
MKTX,MARKETAXESS HOLDINGS INC,OK,2,1,1.006,31918430,MKTX,NASDAQ,
YETI,YETI HOLDINGS INC,OK,2,1,1.079,338719595,YETI,NYSE,
LAZ,LAZARD INC,OK,2,1,1.14,673821848,LAZ,NYSE,
THO,THOR INDUSTRIES INC,OK,2,1,1.215,12786,THO,NYSE,
BFAM,BRIGHT HORIZONS FAMILY SOLUTIONS I,OK,2,1,1.021,121250909,BFAM,NYSE,
WING,WINGSTOP INC,OK,2,1,1.284,196892722,WING,NASDAQ,
APPF,APPFOLIO INC CLASS A,OK,2,1,0.994,198500838,APPF,NASDAQ,
CWEN,CLEARWAY ENERGY INC CLASS C,OK,2,1,1.039,332126693,CWEN,NYSE,
LOPE,GRAND CANYON EDUCATION INC,OK,2,1,0.997,55922559,LOPE,NASDAQ,
JHX,JAMES HARDIE INDUSTRIES PLC,OK,2,1,1.111,794909199,JHX,NYSE,
VKTX,VIKING THERAPEUTICS INC,OK,2,1,1.066,192379311,VKTX,NASDAQ,
ELF,ELF BEAUTY INC,OK,2,1,1.154,248682005,ELF,NYSE,
JBS,JBS N V NV CLASS A,OK,2,1,1.205,790695214,JBS,NYSE,
BHF,BRIGHTHOUSE FINANCIAL INC,OK,2,1,1.037,282563276,BHF,NASDAQ,
PVH,PVH CORP,OK,2,1,1.181,90794895,PVH,NYSE,
FHB,FIRST HAWAIIAN INC,OK,2,1,1.243,242971206,FHB,NASDAQ,
CCC,CCC INTELLIGENT SOLUTIONS HOLDINGS,OK,2,1,1.133,505405416,CCC,NASDAQ,
BILL,BILL HOLDINGS INC,OK,2,1,0.984,395196161,BILL,NYSE,
PAG,PENSKE AUTOMOTIVE GROUP VOTING INC,OK,2,1,1.093,45006145,PAG,NYSE,
ADT,ADT INC,OK,2,1,1.036,302902498,ADT,NYSE,
OGN,ORGANON,OK,2,1,1.199,490414355,OGN,NYSE,
AGO,ASSURED GUARANTY LTD,OK,2,1,1.099,28840439,AGO,NYSE,
OLED,UNIVERSAL DISPLAY CORP,OK,2,1,1.032,4816201,OLED,NASDAQ,
POST,POST HOLDINGS INC,OK,2,1,1.235,100547520,POST,NYSE,
HLNE,HAMILTON LANE INC CLASS A,OK,2,1,0.988,268212409,HLNE,NASDAQ,
BFB,BROWN FORMAN CORP CLASS B,ERROR,0,2,51.015,,,,Timeout qualificazione contratto
LBRDK,LIBERTY BROADBAND CORP SERIES C,OK,2,1,1.158,172185589,LBRDK,NASDAQ,
DRS,LEONARDO DRS INC,OK,2,1,1.041,478483396,DRS,NASDAQ,
MORN,MORNINGSTAR INC,OK,2,1,1.099,34415020,MORN,NASDAQ,
GPK,GRAPHIC PACKAGING HOLDING,OK,2,1,1.08,49476732,GPK,NYSE,
AMTM,AMENTUM HOLDINGS INC,OK,2,1,0.993,729362584,AMTM,NYSE,
EEFT,EURONET WORLDWIDE INC,OK,2,1,1.046,4729968,EEFT,NASDAQ,
LINE,LINEAGE INC,OK,2,1,0.991,718209238,LINE,NASDAQ,
KRMN,KARMAN HOLDINGS INC,OK,2,1,1.159,760582932,KRMN,NYSE,
SMG,SCOTTS MIRACLE GRO,OK,2,1,1.131,274173,SMG,NYSE,
RNG,RINGCENTRAL INC CLASS A,OK,2,1,1.387,135390580,RNG,NYSE,
NSA,NATIONAL STORAGE AFFILIATES TRUST,OK,2,1,1.197,191674687,NSA,NYSE,
DLB,DOLBY LABORATORIES INC CLASS A,OK,2,1,1.232,33205673,DLB,NYSE,
LOAR,LOAR HOLDINGS INC,OK,2,1,1.036,699030008,LOAR,NYSE,
ALM,ALMONTY INDUSTRIES INC,OK,2,1,1.158,797031797,ALM,NASDAQ,
QS,QUANTUMSCAPE CORP CLASS A,OK,2,1,1.126,457599435,QS,NASDAQ,
CHH,CHOICE HOTELS INTERNATIONAL INC,OK,2,1,1.136,2585515,CHH,NYSE,
CAR,AVIS BUDGET GROUP INC,OK,2,1,1.181,40673933,CAR,NASDAQ,
HAYW,HAYWARD HOLDINGS INC,OK,2,1,1.017,475864036,HAYW,NYSE,
FOUR,SHIFT4 PAYMENTS INC CLASS A,OK,2,1,1.008,425010522,FOUR,NYSE,
DOCS,DOXIMITY INC CLASS A,OK,2,1,1.103,498661844,DOCS,NYSE,
PPLI,PEOPLE,OK,2,1,1.154,491653063,PPLI,NASDAQ,
KD,KYNDRYL HOLDINGS INC,OK,2,1,1.136,520488080,KD,NYSE,
PEGA,PEGASYSTEMS INC,OK,2,1,1.089,4816398,PEGA,NASDAQ,
FRHC,FREEDOM HOLDING CORP,OK,2,1,1.032,288038496,FRHC,NASDAQ,
BOKF,BOK FINANCIAL CORP,OK,2,1,1.353,266934,BOKF,NASDAQ,
FRPT,FRESHPET INC,OK,2,1,1.128,173148144,FRPT,NASDAQ,
IPGP,IPG PHOTONICS CORP,OK,2,1,1.146,41891895,IPGP,NASDAQ,
OLN,OLIN CORP,OK,2,1,1.217,10799,OLN,NYSE,
WLK,WESTLAKE CORP,OK,2,1,1.229,30351217,WLK,NYSE,
WU,WESTERN UNION,OK,2,1,1.167,40773257,WU,NYSE,
KVYO,KLAVIYO INC SERIES A,OK,2,1,1.184,654750909,KVYO,NYSE,
CACC,CREDIT ACCEPTANCE CORP,OK,2,1,1.095,267192,CACC,NASDAQ,
MPT,MEDICAL PROPERTIES TRUST REIT INC,OK,2,1,1.236,35111040,MPT,NYSE,
FWONA,LIBERTY MEDIA FORMULA ONE SERIES A,OK,2,1,1.135,644840991,FWONA,NASDAQ,
HHH,HOWARD HUGHES HOLDINGS INC,OK,2,1,1.033,647324601,HHH,NYSE,
UI,UBIQUITI INC,OK,2,1,1.017,379198868,UI,NYSE,
PSN,PARSONS CORP,OK,2,1,1.174,365037248,PSN,NYSE,
WHR,WHIRLPOOL CORP,OK,2,1,1.239,13751,WHR,NYSE,
AUGO,AURA MINERALS INC,OK,2,1,1.016,348573506,AUGO,NASDAQ,
CAI,CARIS LIFE SCIENCES INC,OK,2,1,1.015,792312081,CAI,NASDAQ,
LLYVA,LIBERTY LIVE HOLDINGS INC SERIES A,OK,2,1,1.137,837688570,LLYVA,NASDAQ,
MFP,MIDERA FOOD PROCESSING INC WHEN IS,OK,2,1,1.151,895214815,MFP,NASDAQ,
SNDR,SCHNEIDER NATIONAL INC CLASS B,OK,2,1,1.099,271857752,SNDR,NYSE,
BIRK,BIRKENSTOCK HOLDING PLC,OK,2,1,1.04,658821477,BIRK,NYSE,
LBTYA,LIBERTY GLOBAL LTD CLASS A,OK,2,1,1.12,667891544,LBTYA,NASDAQ,
DDS,DILLARDS INC CLASS A,OK,2,1,1.252,6390,DDS,NYSE,
SMMT,SUMMIT THERAPEUTICS INC,OK,2,1,1.126,446220213,SMMT,NASDAQ,
ZG,ZILLOW GROUP INC CLASS A,OK,2,1,1.201,184072087,ZG,NASDAQ,
REYN,REYNOLDS CONSUMER PRODUCTS INC,OK,2,1,1.135,402183626,REYN,NASDAQ,
LBTYK,LIBERTY GLOBAL LTD CLASS C,OK,2,1,1.001,667891543,LBTYK,NASDAQ,
JAN,JANUS LIVING INC CLASS A,OK,2,1,0.99,865214463,JAN,NYSE,
SEB,SEABOARD CORP,OK,2,1,1.487,756577,SEB,AMEX,
COLM,COLUMBIA SPORTSWEAR,OK,2,1,1.308,4728458,COLM,NASDAQ,
CNA,CNA FINANCIAL CORP,OK,2,1,1.222,5862,CNA,NYSE,
BFA,BROWN FORMAN CORP CLASS A,ERROR,0,2,51.016,,,,Timeout qualificazione contratto
INGM,INGRAM MICRO HOLDING CORP,OK,2,1,1.154,737201087,INGM,NYSE,
FRMI,FERMI INC,OK,2,1,1.024,819137403,FRMI,NASDAQ,
SFD,SMITHFIELD FOODS INC,OK,2,1,1.171,757612274,SFD,NASDAQ,
PPC,PILGRIMS PRIDE CORP,OK,2,1,1.045,71395583,PPC,NASDAQ,
MWH,SOLV ENERGY CLASS A INC,OK,2,1,1.142,853727839,MWH,NASDAQ,
TFSL,TFS FINANCIAL CORP,OK,2,1,1.209,43985746,TFSL,NASDAQ,
SAIL,SAILPOINT INC,OK,2,1,1.027,760966616,SAIL,NASDAQ,
BLSH,BULLISH,OK,2,1,1.021,805705289,BLSH,NYSE,
LENB,LENNAR CORP CLASS B,ERROR,0,2,51.024,,,,Timeout qualificazione contratto
CBC,CENTRAL BANCOMPANY INC CLASS A,OK,2,1,1.237,56538397,CBC,NASDAQ,
UHAL,U HAUL HOLDING,OK,2,1,1.185,14487733,UHAL,NYSE,
XE,X-ENERGY INC CLASS A,OK,2,1,1.134,876880491,XE,NASDAQ,
NIQ,NIQ GLOBAL INTELLIGENCE PLC,OK,2,1,1.613,801299795,NIQ,NYSE,
LBRDA,LIBERTY BROADBAND CORP SERIES A,OK,2,1,1.197,172185594,LBRDA,NASDAQ,
UWMC,UWM HOLDINGS CORP CLASS A,OK,2,1,1.071,467250056,UWMC,NYSE,
HOLX,HOLOGIC INC,ERROR,0,2,51.021,,,,Timeout qualificazione contratto
