"name","length","last_write_time"
".gitkeep","1","2026-07-21T17:09:28"
"automated_activation_preflight.json","4360","2026-07-23T20:12:03"
"automated_orders.json","3097","2026-07-23T20:12:03"
"boot_authorization.json","99","2026-07-23T20:12:03"
"bot_state.json","5174921","2026-07-23T20:12:03"
"bot_status.json","390","2026-07-24T11:03:51"
"broker_snapshot.json","15125","2026-07-23T20:11:47"
"control_center_status.json","1907590","2026-07-22T20:56:16"
"controller_status.json","189","2026-07-24T11:03:51"
"desired_running.json","104","2026-07-23T20:12:03"
"health_supervisor.pid","5","2026-07-23T14:18:22"
"health_supervisor_status.json","123","2026-07-24T11:03:24"
"heartbeat.json","179","2026-07-24T11:03:51"
"ibkr_monitor_client.lock","0","2026-07-22T22:03:15"
"investable_capital_control.json","126","2026-07-23T09:26:25"
"operational_controller.pid","5","2026-07-23T14:18:22"
"quality_monitoring_state.json","458","2026-07-23T20:12:03"
"runtime_health.json","590","2026-07-24T11:03:51"
"startup_validation.json","2597","2026-07-23T20:11:46"
"strategy_scheduler_state.json","336","2026-07-23T15:35:43"
"system_health.json","3917","2026-07-23T09:26:42"
